INSERT INTO Restaurant (id,phone_number,address) VALUES (1, '+18148654700', '201 Old Main, University Park, PA 16802');
INSERT INTO Restaurant (id,phone_number,address) VALUES (2, '+16106483200', '30 East Swedesford Rd, Malvern, PA 19355');
INSERT INTO Restaurant (id,phone_number,address) VALUES (3, '+18000000103', '1603 Pennsylvania Avenue NW, Washington, DC 20500');
INSERT INTO Restaurant (id,phone_number,address) VALUES (4, '+18000000104', '1604 Pennsylvania Avenue NW, Washington, DC 20500');
INSERT INTO Restaurant (id,phone_number,address) VALUES (5, '+18000000105', '1605 Pennsylvania Avenue NW, Washington, DC 20500');
INSERT INTO Restaurant (id,phone_number,address) VALUES (6, '+18000000106', '1606 Pennsylvania Avenue NW, Washington, DC 20500');
INSERT INTO Restaurant (id,phone_number,address) VALUES (7, '+18000000107', '1607 Pennsylvania Avenue NW, Washington, DC 20500');
INSERT INTO Restaurant (id,phone_number,address) VALUES (8, '+18000000108', '1608 Pennsylvania Avenue NW, Washington, DC 20500');
INSERT INTO Restaurant (id,phone_number,address) VALUES (9, '+18000000109', '1609 Pennsylvania Avenue NW, Washington, DC 20500');
INSERT INTO Restaurant (id,phone_number,address) VALUES (10, '+18000000110', '1610 Pennsylvania Avenue NW, Washington, DC 20500');
INSERT INTO Restaurant (id,phone_number,address) VALUES (11, '+18000000111', '1611 Pennsylvania Avenue NW, Washington, DC 20500');
INSERT INTO Restaurant (id,phone_number,address) VALUES (12, '+18000000112', '1612 Pennsylvania Avenue NW, Washington, DC 20500');
INSERT INTO Restaurant (id,phone_number,address) VALUES (13, '+18000000113', '1613 Pennsylvania Avenue NW, Washington, DC 20500');
INSERT INTO Restaurant (id,phone_number,address) VALUES (14, '+18000000114', '1614 Pennsylvania Avenue NW, Washington, DC 20500');
INSERT INTO Restaurant (id,phone_number,address) VALUES (15, '+18000000115', '1615 Pennsylvania Avenue NW, Washington, DC 20500');
INSERT INTO Restaurant (id,phone_number,address) VALUES (16, '+18000000116', '1616 Pennsylvania Avenue NW, Washington, DC 20500');
INSERT INTO Restaurant (id,phone_number,address) VALUES (17, '+18000000117', '1617 Pennsylvania Avenue NW, Washington, DC 20500');
INSERT INTO Restaurant (id,phone_number,address) VALUES (18, '+18000000118', '1618 Pennsylvania Avenue NW, Washington, DC 20500');
INSERT INTO Restaurant (id,phone_number,address) VALUES (19, '+18000000119', '1619 Pennsylvania Avenue NW, Washington, DC 20500');
INSERT INTO Restaurant (id,phone_number,address) VALUES (20, '+18000000120', '1620 Pennsylvania Avenue NW, Washington, DC 20500');

INSERT INTO MenuItem (id,name,description,price,contains_alcohol) VALUES (1, 'Deluxe Bacon Cheeseburger', 'Fresh beef patties, two strips of crisp bacon, smoked American cheese, fresh romaine, tomatoes, Pittsburgh pickles, onion, mayo on a buttery bun.', 1500, 'N');
INSERT INTO MenuItem (id,name,description,price,contains_alcohol) VALUES (2, 'Corona', 'Corona Beer, imported from the fridge', 800, 'Y');
INSERT INTO MenuItem (id,name,description,price,contains_alcohol) VALUES (3, 'Classic Omelette', 'Classic Omelette', 850, 'N');
INSERT INTO MenuItem (id,name,description,price,contains_alcohol) VALUES (4, 'Western Omelette', 'Western Omelette', 100, 'N');
INSERT INTO MenuItem (id,name,description,price,contains_alcohol) VALUES (5, 'Mexican Omelette', 'Mexican Omelette', 101, 'N');
INSERT INTO MenuItem (id,name,description,price,contains_alcohol) VALUES (6, 'French Omelette', 'French Omelette', 100, 'N');
INSERT INTO MenuItem (id,name,description,price,contains_alcohol) VALUES (7, 'Italian Omelette', 'Italian Omelette', 102, 'N');
INSERT INTO MenuItem (id,name,description,price,contains_alcohol) VALUES (8, 'Persian Omelette', 'Persian Omelette', 100, 'N');
INSERT INTO MenuItem (id,name,description,price,contains_alcohol) VALUES (9, 'Spanish Omelette', 'Spanish Omelette', 103, 'N');
INSERT INTO MenuItem (id,name,description,price,contains_alcohol) VALUES (10, 'French Toast', 'French Toast', 100, 'N');
INSERT INTO MenuItem (id,name,description,price,contains_alcohol) VALUES (11, 'Texas Toast', 'Texas Toast', 104, 'N');
INSERT INTO MenuItem (id,name,description,price,contains_alcohol) VALUES (12, 'Hard Boiled Eggs', 'Hard Boiled Eggs', 100, 'N');
INSERT INTO MenuItem (id,name,description,price,contains_alcohol) VALUES (13, 'Soft Boiled Eggs', 'Soft Boiled Eggs', 105, 'N');
INSERT INTO MenuItem (id,name,description,price,contains_alcohol) VALUES (14, 'Pancakes', 'Pancakes', 100, 'N');
INSERT INTO MenuItem (id,name,description,price,contains_alcohol) VALUES (15, 'Waffles', 'Waffles', 106, 'N');
INSERT INTO MenuItem (id,name,description,price,contains_alcohol) VALUES (16, 'Belgian Waffles', 'Belgian Waffles', 100, 'N');
INSERT INTO MenuItem (id,name,description,price,contains_alcohol) VALUES (17, 'House Salad', 'House Salad', 107, 'N');
INSERT INTO MenuItem (id,name,description,price,contains_alcohol) VALUES (18, 'Greek Salad', 'Greek Salad', 100, 'N');
INSERT INTO MenuItem (id,name,description,price,contains_alcohol) VALUES (19, 'Italian Salad', 'Italian Salad', 108, 'N');
INSERT INTO MenuItem (id,name,description,price,contains_alcohol) VALUES (20, 'Mexican Salad', 'Mexican Salad', 100, 'N');

INSERT INTO StaffMember (id,first_name,last_name,hashed_password,date_of_birth) VALUES (1, 'John', 'Doe', 'NuB97FRxeivdYJi2gwNwlA==', TO_DATE('1855/02/02', 'yyyy/mm/dd'));
INSERT INTO StaffMember (id,first_name,last_name,hashed_password,date_of_birth) VALUES (2, 'Jane', 'Doe', 'NuB97FRxeivdYJi2gwNwlA==', TO_DATE('2000/01/02', 'yyyy/mm/dd'));
INSERT INTO StaffMember (id,first_name,last_name,hashed_password,date_of_birth) VALUES (3, 'Aaren', 'Smith', 'NuB97FRxeivdYJi2gwNwlA==', TO_DATE('2000/01/03', 'yyyy/mm/dd'));
INSERT INTO StaffMember (id,first_name,last_name,hashed_password,date_of_birth) VALUES (4, 'Aarika', 'Smith', 'NuB97FRxeivdYJi2gwNwlA==', TO_DATE('2000/01/04', 'yyyy/mm/dd'));
INSERT INTO StaffMember (id,first_name,last_name,hashed_password,date_of_birth) VALUES (5, 'Abagael', 'Smith', 'NuB97FRxeivdYJi2gwNwlA==', TO_DATE('2000/01/05', 'yyyy/mm/dd'));
INSERT INTO StaffMember (id,first_name,last_name,hashed_password,date_of_birth) VALUES (6, 'Abagail', 'Smith', 'NuB97FRxeivdYJi2gwNwlA==', TO_DATE('2000/01/06', 'yyyy/mm/dd'));
INSERT INTO StaffMember (id,first_name,last_name,hashed_password,date_of_birth) VALUES (7, 'Abbe', 'Smith', 'NuB97FRxeivdYJi2gwNwlA==', TO_DATE('2000/01/07', 'yyyy/mm/dd'));
INSERT INTO StaffMember (id,first_name,last_name,hashed_password,date_of_birth) VALUES (8, 'Abbey', 'Smith', 'NuB97FRxeivdYJi2gwNwlA==', TO_DATE('2000/01/08', 'yyyy/mm/dd'));
INSERT INTO StaffMember (id,first_name,last_name,hashed_password,date_of_birth) VALUES (9, 'Abbi', 'Smith', 'NuB97FRxeivdYJi2gwNwlA==', TO_DATE('2000/01/09', 'yyyy/mm/dd'));
INSERT INTO StaffMember (id,first_name,last_name,hashed_password,date_of_birth) VALUES (10, 'Abbie', 'Smith', 'NuB97FRxeivdYJi2gwNwlA==', TO_DATE('2000/01/10', 'yyyy/mm/dd'));
INSERT INTO StaffMember (id,first_name,last_name,hashed_password,date_of_birth) VALUES (11, 'Abby', 'Smith', 'NuB97FRxeivdYJi2gwNwlA==', TO_DATE('2000/01/11', 'yyyy/mm/dd'));
INSERT INTO StaffMember (id,first_name,last_name,hashed_password,date_of_birth) VALUES (12, 'Abbye', 'Smith', 'NuB97FRxeivdYJi2gwNwlA==', TO_DATE('2000/01/12', 'yyyy/mm/dd'));
INSERT INTO StaffMember (id,first_name,last_name,hashed_password,date_of_birth) VALUES (13, 'Abigael', 'Smith', 'NuB97FRxeivdYJi2gwNwlA==', TO_DATE('2000/01/13', 'yyyy/mm/dd'));
INSERT INTO StaffMember (id,first_name,last_name,hashed_password,date_of_birth) VALUES (14, 'Abigail', 'Smith', 'NuB97FRxeivdYJi2gwNwlA==', TO_DATE('2000/01/14', 'yyyy/mm/dd'));
INSERT INTO StaffMember (id,first_name,last_name,hashed_password,date_of_birth) VALUES (15, 'Abigale', 'Smith', 'NuB97FRxeivdYJi2gwNwlA==', TO_DATE('2000/01/15', 'yyyy/mm/dd'));
INSERT INTO StaffMember (id,first_name,last_name,hashed_password,date_of_birth) VALUES (16, 'Abra', 'Smith', 'NuB97FRxeivdYJi2gwNwlA==', TO_DATE('2000/01/16', 'yyyy/mm/dd'));
INSERT INTO StaffMember (id,first_name,last_name,hashed_password,date_of_birth) VALUES (17, 'Ada', 'Smith', 'NuB97FRxeivdYJi2gwNwlA==', TO_DATE('2000/01/17', 'yyyy/mm/dd'));
INSERT INTO StaffMember (id,first_name,last_name,hashed_password,date_of_birth) VALUES (18, 'Adah', 'Smith', 'NuB97FRxeivdYJi2gwNwlA==', TO_DATE('2000/01/18', 'yyyy/mm/dd'));
INSERT INTO StaffMember (id,first_name,last_name,hashed_password,date_of_birth) VALUES (19, 'Adaline', 'Smith', 'NuB97FRxeivdYJi2gwNwlA==', TO_DATE('2000/01/19', 'yyyy/mm/dd'));
INSERT INTO StaffMember (id,first_name,last_name,hashed_password,date_of_birth) VALUES (20, 'Adan', 'Smith', 'NuB97FRxeivdYJi2gwNwlA==', TO_DATE('2000/01/20', 'yyyy/mm/dd'));
INSERT INTO StaffMember (id,first_name,last_name,hashed_password,date_of_birth) VALUES (21, 'Adara', 'Smith', 'NuB97FRxeivdYJi2gwNwlA==', TO_DATE('2000/01/21', 'yyyy/mm/dd'));
INSERT INTO StaffMember (id,first_name,last_name,hashed_password,date_of_birth) VALUES (22, 'Adda', 'Smith', 'NuB97FRxeivdYJi2gwNwlA==', TO_DATE('2000/01/22', 'yyyy/mm/dd'));
INSERT INTO StaffMember (id,first_name,last_name,hashed_password,date_of_birth) VALUES (23, 'Addi', 'Smith', 'NuB97FRxeivdYJi2gwNwlA==', TO_DATE('2000/01/23', 'yyyy/mm/dd'));
INSERT INTO StaffMember (id,first_name,last_name,hashed_password,date_of_birth) VALUES (24, 'Addia', 'Smith', 'NuB97FRxeivdYJi2gwNwlA==', TO_DATE('2000/01/24', 'yyyy/mm/dd'));
INSERT INTO StaffMember (id,first_name,last_name,hashed_password,date_of_birth) VALUES (25, 'Addie', 'Smith', 'NuB97FRxeivdYJi2gwNwlA==', TO_DATE('2000/01/25', 'yyyy/mm/dd'));
INSERT INTO StaffMember (id,first_name,last_name,hashed_password,date_of_birth) VALUES (26, 'Addy', 'Smith', 'NuB97FRxeivdYJi2gwNwlA==', TO_DATE('2000/01/26', 'yyyy/mm/dd'));
INSERT INTO StaffMember (id,first_name,last_name,hashed_password,date_of_birth) VALUES (27, 'Adel', 'Smith', 'NuB97FRxeivdYJi2gwNwlA==', TO_DATE('2000/01/27', 'yyyy/mm/dd'));
INSERT INTO StaffMember (id,first_name,last_name,hashed_password,date_of_birth) VALUES (28, 'Adela', 'Smith', 'NuB97FRxeivdYJi2gwNwlA==', TO_DATE('2000/01/28', 'yyyy/mm/dd'));
INSERT INTO StaffMember (id,first_name,last_name,hashed_password,date_of_birth) VALUES (29, 'Adelaida', 'Smith', 'NuB97FRxeivdYJi2gwNwlA==', TO_DATE('2000/01/29', 'yyyy/mm/dd'));
INSERT INTO StaffMember (id,first_name,last_name,hashed_password,date_of_birth) VALUES (30, 'Adelaide', 'Smith', 'NuB97FRxeivdYJi2gwNwlA==', TO_DATE('2000/01/30', 'yyyy/mm/dd'));
INSERT INTO StaffMember (id,first_name,last_name,hashed_password,date_of_birth) VALUES (31, 'Adele', 'Smith', 'NuB97FRxeivdYJi2gwNwlA==', TO_DATE('2000/01/31', 'yyyy/mm/dd'));
INSERT INTO StaffMember (id,first_name,last_name,hashed_password,date_of_birth) VALUES (32, 'Adelheid', 'Smith', 'NuB97FRxeivdYJi2gwNwlA==', TO_DATE('2000/02/01', 'yyyy/mm/dd'));
INSERT INTO StaffMember (id,first_name,last_name,hashed_password,date_of_birth) VALUES (33, 'Adelice', 'Smith', 'NuB97FRxeivdYJi2gwNwlA==', TO_DATE('2000/02/02', 'yyyy/mm/dd'));
INSERT INTO StaffMember (id,first_name,last_name,hashed_password,date_of_birth) VALUES (34, 'Adelina', 'Smith', 'NuB97FRxeivdYJi2gwNwlA==', TO_DATE('2000/02/03', 'yyyy/mm/dd'));
INSERT INTO StaffMember (id,first_name,last_name,hashed_password,date_of_birth) VALUES (35, 'Adelind', 'Smith', 'NuB97FRxeivdYJi2gwNwlA==', TO_DATE('2000/02/04', 'yyyy/mm/dd'));
INSERT INTO StaffMember (id,first_name,last_name,hashed_password,date_of_birth) VALUES (36, 'Adeline', 'Smith', 'NuB97FRxeivdYJi2gwNwlA==', TO_DATE('2000/02/05', 'yyyy/mm/dd'));
INSERT INTO StaffMember (id,first_name,last_name,hashed_password,date_of_birth) VALUES (37, 'Adella', 'Smith', 'NuB97FRxeivdYJi2gwNwlA==', TO_DATE('2000/02/06', 'yyyy/mm/dd'));
INSERT INTO StaffMember (id,first_name,last_name,hashed_password,date_of_birth) VALUES (38, 'Adelle', 'Smith', 'NuB97FRxeivdYJi2gwNwlA==', TO_DATE('2000/02/07', 'yyyy/mm/dd'));
INSERT INTO StaffMember (id,first_name,last_name,hashed_password,date_of_birth) VALUES (39, 'Adena', 'Smith', 'NuB97FRxeivdYJi2gwNwlA==', TO_DATE('2000/02/08', 'yyyy/mm/dd'));
INSERT INTO StaffMember (id,first_name,last_name,hashed_password,date_of_birth) VALUES (40, 'Adey', 'Smith', 'NuB97FRxeivdYJi2gwNwlA==', TO_DATE('2000/02/09', 'yyyy/mm/dd'));
INSERT INTO StaffMember (id,first_name,last_name,hashed_password,date_of_birth) VALUES (41, 'Adi', 'Smith', 'NuB97FRxeivdYJi2gwNwlA==', TO_DATE('2000/02/10', 'yyyy/mm/dd'));
INSERT INTO StaffMember (id,first_name,last_name,hashed_password,date_of_birth) VALUES (42, 'Adiana', 'Smith', 'NuB97FRxeivdYJi2gwNwlA==', TO_DATE('2000/02/11', 'yyyy/mm/dd'));

INSERT INTO RoleMapping (staff_id,role_name) VALUES (1, 'manager');
INSERT INTO RoleMapping (staff_id,role_name) VALUES (1, 'server');
INSERT INTO RoleMapping (staff_id,role_name) VALUES (1, 'kitchen_staff');
INSERT INTO RoleMapping (staff_id,role_name) VALUES (2, 'server');
INSERT INTO RoleMapping (staff_id,role_name) VALUES (3, 'manger');
INSERT INTO RoleMapping (staff_id,role_name) VALUES (4, 'manger');
INSERT INTO RoleMapping (staff_id,role_name) VALUES (5, 'manger');
INSERT INTO RoleMapping (staff_id,role_name) VALUES (6, 'manger');
INSERT INTO RoleMapping (staff_id,role_name) VALUES (7, 'manger');
INSERT INTO RoleMapping (staff_id,role_name) VALUES (8, 'server');
INSERT INTO RoleMapping (staff_id,role_name) VALUES (9, 'server');
INSERT INTO RoleMapping (staff_id,role_name) VALUES (10, 'server');
INSERT INTO RoleMapping (staff_id,role_name) VALUES (11, 'server');
INSERT INTO RoleMapping (staff_id,role_name) VALUES (12, 'server');
INSERT INTO RoleMapping (staff_id,role_name) VALUES (13, 'server');
INSERT INTO RoleMapping (staff_id,role_name) VALUES (14, 'server');
INSERT INTO RoleMapping (staff_id,role_name) VALUES (15, 'server');
INSERT INTO RoleMapping (staff_id,role_name) VALUES (16, 'server');
INSERT INTO RoleMapping (staff_id,role_name) VALUES (17, 'server');
INSERT INTO RoleMapping (staff_id,role_name) VALUES (18, 'server');
INSERT INTO RoleMapping (staff_id,role_name) VALUES (19, 'server');
INSERT INTO RoleMapping (staff_id,role_name) VALUES (20, 'server');
INSERT INTO RoleMapping (staff_id,role_name) VALUES (21, 'server');
INSERT INTO RoleMapping (staff_id,role_name) VALUES (22, 'server');
INSERT INTO RoleMapping (staff_id,role_name) VALUES (23, 'server');
INSERT INTO RoleMapping (staff_id,role_name) VALUES (24, 'server');
INSERT INTO RoleMapping (staff_id,role_name) VALUES (25, 'server');
INSERT INTO RoleMapping (staff_id,role_name) VALUES (26, 'server');
INSERT INTO RoleMapping (staff_id,role_name) VALUES (27, 'server');
INSERT INTO RoleMapping (staff_id,role_name) VALUES (28, 'server');
INSERT INTO RoleMapping (staff_id,role_name) VALUES (29, 'server');
INSERT INTO RoleMapping (staff_id,role_name) VALUES (30, 'server');
INSERT INTO RoleMapping (staff_id,role_name) VALUES (31, 'kitchen_staff');
INSERT INTO RoleMapping (staff_id,role_name) VALUES (32, 'kitchen_staff');
INSERT INTO RoleMapping (staff_id,role_name) VALUES (33, 'kitchen_staff');
INSERT INTO RoleMapping (staff_id,role_name) VALUES (34, 'kitchen_staff');
INSERT INTO RoleMapping (staff_id,role_name) VALUES (35, 'kitchen_staff');
INSERT INTO RoleMapping (staff_id,role_name) VALUES (36, 'kitchen_staff');
INSERT INTO RoleMapping (staff_id,role_name) VALUES (37, 'kitchen_staff');
INSERT INTO RoleMapping (staff_id,role_name) VALUES (38, 'kitchen_staff');
INSERT INTO RoleMapping (staff_id,role_name) VALUES (39, 'kitchen_staff');
INSERT INTO RoleMapping (staff_id,role_name) VALUES (40, 'kitchen_staff');
INSERT INTO RoleMapping (staff_id,role_name) VALUES (41, 'kitchen_staff');
INSERT INTO RoleMapping (staff_id,role_name) VALUES (42, 'kitchen_staff');

INSERT INTO CustomerContactInfo (phone_number,name) VALUES ('+18148654700', 'John Doe');
INSERT INTO CustomerContactInfo (phone_number,name) VALUES ('+16106483200', 'Jane Doe');
INSERT INTO CustomerContactInfo (phone_number,name) VALUES ('+16100000001', 'Adey');
INSERT INTO CustomerContactInfo (phone_number,name) VALUES ('+16100000002', 'Adi');
INSERT INTO CustomerContactInfo (phone_number,name) VALUES ('+16100000003', 'Adiana');
INSERT INTO CustomerContactInfo (phone_number,name) VALUES ('+16100000004', 'Aaren');
INSERT INTO CustomerContactInfo (phone_number,name) VALUES ('+16100000005', 'Aarika');
INSERT INTO CustomerContactInfo (phone_number,name) VALUES ('+16100000006', 'Abagael');
INSERT INTO CustomerContactInfo (phone_number,name) VALUES ('+16100000007', 'Abagail');
INSERT INTO CustomerContactInfo (phone_number,name) VALUES ('+16100000008', 'Abbe');
INSERT INTO CustomerContactInfo (phone_number,name) VALUES ('+16100000009', 'Abbey');
INSERT INTO CustomerContactInfo (phone_number,name) VALUES ('+16100000010', 'Abbi');
INSERT INTO CustomerContactInfo (phone_number,name) VALUES ('+16100000011', 'Abbie');
INSERT INTO CustomerContactInfo (phone_number,name) VALUES ('+16100000012', 'Abby');
INSERT INTO CustomerContactInfo (phone_number,name) VALUES ('+16100000013', 'Abbye');
INSERT INTO CustomerContactInfo (phone_number,name) VALUES ('+16100000014', 'Abigael');
INSERT INTO CustomerContactInfo (phone_number,name) VALUES ('+16100000015', 'Abigail');
INSERT INTO CustomerContactInfo (phone_number,name) VALUES ('+16100000016', 'Abigale');
INSERT INTO CustomerContactInfo (phone_number,name) VALUES ('+16100000017', 'Abra');
INSERT INTO CustomerContactInfo (phone_number,name) VALUES ('+16100000018', 'Ada');
INSERT INTO CustomerContactInfo (phone_number,name) VALUES ('+16100000019', 'Adah');
INSERT INTO CustomerContactInfo (phone_number,name) VALUES ('+16100000020', 'Adaline');
INSERT INTO CustomerContactInfo (phone_number,name) VALUES ('+16100000021', 'Adan');
INSERT INTO CustomerContactInfo (phone_number,name) VALUES ('+16100000022', 'Adara');
INSERT INTO CustomerContactInfo (phone_number,name) VALUES ('+16100000023', 'Adda');
INSERT INTO CustomerContactInfo (phone_number,name) VALUES ('+16100000024', 'Addi');
INSERT INTO CustomerContactInfo (phone_number,name) VALUES ('+16100000025', 'Addia');
INSERT INTO CustomerContactInfo (phone_number,name) VALUES ('+16100000026', 'Addie');
INSERT INTO CustomerContactInfo (phone_number,name) VALUES ('+16100000027', 'Addy');
INSERT INTO CustomerContactInfo (phone_number,name) VALUES ('+16100000028', 'Adel');
INSERT INTO CustomerContactInfo (phone_number,name) VALUES ('+16100000029', 'Adela');
INSERT INTO CustomerContactInfo (phone_number,name) VALUES ('+16100000030', 'Adelaida');
INSERT INTO CustomerContactInfo (phone_number,name) VALUES ('+16100000031', 'Adelaide');
INSERT INTO CustomerContactInfo (phone_number,name) VALUES ('+16100000032', 'Adele');
INSERT INTO CustomerContactInfo (phone_number,name) VALUES ('+16100000033', 'Adelheid');
INSERT INTO CustomerContactInfo (phone_number,name) VALUES ('+16100000034', 'Adelice');
INSERT INTO CustomerContactInfo (phone_number,name) VALUES ('+16100000035', 'Adelina');
INSERT INTO CustomerContactInfo (phone_number,name) VALUES ('+16100000036', 'Adelind');
INSERT INTO CustomerContactInfo (phone_number,name) VALUES ('+16100000037', 'Adeline');
INSERT INTO CustomerContactInfo (phone_number,name) VALUES ('+16100000038', 'Adella');
INSERT INTO CustomerContactInfo (phone_number,name) VALUES ('+16100000039', 'Adelle');
INSERT INTO CustomerContactInfo (phone_number,name) VALUES ('+16100000040', 'Adena');

INSERT INTO CustomerIdentification (id_number,date_of_birth,first_name,last_name) VALUES ('I1234568', TO_DATE('1855/02/02', 'yyyy/mm/dd'), 'John', 'Doe');
INSERT INTO CustomerIdentification (id_number,date_of_birth,first_name,last_name) VALUES ('S-123-456-57-901-0', TO_DATE('1957/01/12', 'yyyy/mm/dd'), 'Jane', 'Doe');
INSERT INTO CustomerIdentification (id_number,date_of_birth,first_name,last_name) VALUES ('ID0000001', TO_DATE('2000/01/01', 'yyyy/mm/dd'), 'Aaren', 'Smith');
INSERT INTO CustomerIdentification (id_number,date_of_birth,first_name,last_name) VALUES ('ID0000002', TO_DATE('2000/01/02', 'yyyy/mm/dd'), 'Aarika', 'Smith');
INSERT INTO CustomerIdentification (id_number,date_of_birth,first_name,last_name) VALUES ('ID0000003', TO_DATE('2000/01/03', 'yyyy/mm/dd'), 'Abagael', 'Smith');
INSERT INTO CustomerIdentification (id_number,date_of_birth,first_name,last_name) VALUES ('ID0000004', TO_DATE('2000/01/04', 'yyyy/mm/dd'), 'Abagail', 'Smith');
INSERT INTO CustomerIdentification (id_number,date_of_birth,first_name,last_name) VALUES ('ID0000005', TO_DATE('2000/01/05', 'yyyy/mm/dd'), 'Abbe', 'Smith');
INSERT INTO CustomerIdentification (id_number,date_of_birth,first_name,last_name) VALUES ('ID0000006', TO_DATE('2000/01/06', 'yyyy/mm/dd'), 'Abbey', 'Smith');
INSERT INTO CustomerIdentification (id_number,date_of_birth,first_name,last_name) VALUES ('ID0000007', TO_DATE('2000/01/07', 'yyyy/mm/dd'), 'Abbi', 'Smith');
INSERT INTO CustomerIdentification (id_number,date_of_birth,first_name,last_name) VALUES ('ID0000008', TO_DATE('2000/01/08', 'yyyy/mm/dd'), 'Abbie', 'Smith');
INSERT INTO CustomerIdentification (id_number,date_of_birth,first_name,last_name) VALUES ('ID0000009', TO_DATE('2000/01/09', 'yyyy/mm/dd'), 'Abby', 'Smith');
INSERT INTO CustomerIdentification (id_number,date_of_birth,first_name,last_name) VALUES ('ID0000010', TO_DATE('2000/01/10', 'yyyy/mm/dd'), 'Abbye', 'Smith');
INSERT INTO CustomerIdentification (id_number,date_of_birth,first_name,last_name) VALUES ('ID0000011', TO_DATE('2000/01/11', 'yyyy/mm/dd'), 'Abigael', 'Smith');
INSERT INTO CustomerIdentification (id_number,date_of_birth,first_name,last_name) VALUES ('ID0000012', TO_DATE('2000/01/12', 'yyyy/mm/dd'), 'Abigail', 'Smith');
INSERT INTO CustomerIdentification (id_number,date_of_birth,first_name,last_name) VALUES ('ID0000013', TO_DATE('2000/01/13', 'yyyy/mm/dd'), 'Abigale', 'Smith');
INSERT INTO CustomerIdentification (id_number,date_of_birth,first_name,last_name) VALUES ('ID0000014', TO_DATE('2000/01/14', 'yyyy/mm/dd'), 'Abra', 'Smith');
INSERT INTO CustomerIdentification (id_number,date_of_birth,first_name,last_name) VALUES ('ID0000015', TO_DATE('2000/01/15', 'yyyy/mm/dd'), 'Ada', 'Smith');
INSERT INTO CustomerIdentification (id_number,date_of_birth,first_name,last_name) VALUES ('ID0000016', TO_DATE('2000/01/16', 'yyyy/mm/dd'), 'Adah', 'Smith');
INSERT INTO CustomerIdentification (id_number,date_of_birth,first_name,last_name) VALUES ('ID0000017', TO_DATE('2000/01/17', 'yyyy/mm/dd'), 'Adaline', 'Smith');
INSERT INTO CustomerIdentification (id_number,date_of_birth,first_name,last_name) VALUES ('ID0000018', TO_DATE('2000/01/18', 'yyyy/mm/dd'), 'Adan', 'Smith');
INSERT INTO CustomerIdentification (id_number,date_of_birth,first_name,last_name) VALUES ('ID0000019', TO_DATE('2000/01/19', 'yyyy/mm/dd'), 'Adara', 'Smith');
INSERT INTO CustomerIdentification (id_number,date_of_birth,first_name,last_name) VALUES ('ID0000020', TO_DATE('2000/01/20', 'yyyy/mm/dd'), 'Adda', 'Smith');
INSERT INTO CustomerIdentification (id_number,date_of_birth,first_name,last_name) VALUES ('ID0000021', TO_DATE('2000/01/21', 'yyyy/mm/dd'), 'Addi', 'Smith');
INSERT INTO CustomerIdentification (id_number,date_of_birth,first_name,last_name) VALUES ('ID0000022', TO_DATE('2000/01/22', 'yyyy/mm/dd'), 'Addia', 'Smith');
INSERT INTO CustomerIdentification (id_number,date_of_birth,first_name,last_name) VALUES ('ID0000023', TO_DATE('2000/01/23', 'yyyy/mm/dd'), 'Addie', 'Smith');
INSERT INTO CustomerIdentification (id_number,date_of_birth,first_name,last_name) VALUES ('ID0000024', TO_DATE('2000/01/24', 'yyyy/mm/dd'), 'Addy', 'Smith');
INSERT INTO CustomerIdentification (id_number,date_of_birth,first_name,last_name) VALUES ('ID0000025', TO_DATE('2000/01/25', 'yyyy/mm/dd'), 'Adel', 'Smith');
INSERT INTO CustomerIdentification (id_number,date_of_birth,first_name,last_name) VALUES ('ID0000026', TO_DATE('2000/01/26', 'yyyy/mm/dd'), 'Adela', 'Smith');
INSERT INTO CustomerIdentification (id_number,date_of_birth,first_name,last_name) VALUES ('ID0000027', TO_DATE('2000/01/27', 'yyyy/mm/dd'), 'Adelaida', 'Smith');
INSERT INTO CustomerIdentification (id_number,date_of_birth,first_name,last_name) VALUES ('ID0000028', TO_DATE('2000/01/28', 'yyyy/mm/dd'), 'Adelaide', 'Smith');
INSERT INTO CustomerIdentification (id_number,date_of_birth,first_name,last_name) VALUES ('ID0000029', TO_DATE('2000/01/29', 'yyyy/mm/dd'), 'Adele', 'Smith');
INSERT INTO CustomerIdentification (id_number,date_of_birth,first_name,last_name) VALUES ('ID0000030', TO_DATE('2000/01/30', 'yyyy/mm/dd'), 'Adelheid', 'Smith');
INSERT INTO CustomerIdentification (id_number,date_of_birth,first_name,last_name) VALUES ('ID0000031', TO_DATE('2000/01/31', 'yyyy/mm/dd'), 'Adelice', 'Smith');

INSERT INTO WaitQueue (id,restaurant_id,type) VALUES (1, 1, 'walk-in');
INSERT INTO WaitQueue (id,restaurant_id,type) VALUES (2, 1, 'reservation');
INSERT INTO WaitQueue (id,restaurant_id,type) VALUES (3, 2, 'walk-in');
INSERT INTO WaitQueue (id,restaurant_id,type) VALUES (4, 2, 'reservation');
INSERT INTO WaitQueue (id,restaurant_id,type) VALUES (5, 3, 'walk-in');
INSERT INTO WaitQueue (id,restaurant_id,type) VALUES (6, 3, 'reservation');
INSERT INTO WaitQueue (id,restaurant_id,type) VALUES (7, 4, 'walk-in');
INSERT INTO WaitQueue (id,restaurant_id,type) VALUES (8, 4, 'reservation');
INSERT INTO WaitQueue (id,restaurant_id,type) VALUES (9, 5, 'walk-in');
INSERT INTO WaitQueue (id,restaurant_id,type) VALUES (10, 5, 'reservation');
INSERT INTO WaitQueue (id,restaurant_id,type) VALUES (11, 6, 'walk-in');
INSERT INTO WaitQueue (id,restaurant_id,type) VALUES (12, 6, 'reservation');
INSERT INTO WaitQueue (id,restaurant_id,type) VALUES (13, 7, 'walk-in');
INSERT INTO WaitQueue (id,restaurant_id,type) VALUES (14, 7, 'reservation');
INSERT INTO WaitQueue (id,restaurant_id,type) VALUES (15, 8, 'walk-in');
INSERT INTO WaitQueue (id,restaurant_id,type) VALUES (16, 8, 'reservation');
INSERT INTO WaitQueue (id,restaurant_id,type) VALUES (17, 9, 'walk-in');
INSERT INTO WaitQueue (id,restaurant_id,type) VALUES (18, 9, 'reservation');
INSERT INTO WaitQueue (id,restaurant_id,type) VALUES (19, 10, 'walk-in');
INSERT INTO WaitQueue (id,restaurant_id,type) VALUES (20, 10, 'reservation');
INSERT INTO WaitQueue (id,restaurant_id,type) VALUES (21, 11, 'walk-in');
INSERT INTO WaitQueue (id,restaurant_id,type) VALUES (22, 11, 'reservation');
INSERT INTO WaitQueue (id,restaurant_id,type) VALUES (23, 12, 'walk-in');
INSERT INTO WaitQueue (id,restaurant_id,type) VALUES (24, 12, 'reservation');
INSERT INTO WaitQueue (id,restaurant_id,type) VALUES (25, 13, 'walk-in');
INSERT INTO WaitQueue (id,restaurant_id,type) VALUES (26, 13, 'reservation');
INSERT INTO WaitQueue (id,restaurant_id,type) VALUES (27, 14, 'walk-in');
INSERT INTO WaitQueue (id,restaurant_id,type) VALUES (28, 14, 'reservation');
INSERT INTO WaitQueue (id,restaurant_id,type) VALUES (29, 15, 'walk-in');
INSERT INTO WaitQueue (id,restaurant_id,type) VALUES (30, 15, 'reservation');
INSERT INTO WaitQueue (id,restaurant_id,type) VALUES (31, 16, 'walk-in');
INSERT INTO WaitQueue (id,restaurant_id,type) VALUES (32, 16, 'reservation');
INSERT INTO WaitQueue (id,restaurant_id,type) VALUES (33, 17, 'walk-in');
INSERT INTO WaitQueue (id,restaurant_id,type) VALUES (34, 17, 'reservation');
INSERT INTO WaitQueue (id,restaurant_id,type) VALUES (35, 18, 'walk-in');
INSERT INTO WaitQueue (id,restaurant_id,type) VALUES (36, 18, 'reservation');
INSERT INTO WaitQueue (id,restaurant_id,type) VALUES (37, 19, 'walk-in');
INSERT INTO WaitQueue (id,restaurant_id,type) VALUES (38, 19, 'reservation');
INSERT INTO WaitQueue (id,restaurant_id,type) VALUES (39, 20, 'walk-in');
INSERT INTO WaitQueue (id,restaurant_id,type) VALUES (40, 20, 'reservation');

INSERT INTO PartyInQueue (id,wait_queue_id,phone_number,party_size,priority,status) VALUES (1, 1, '+18148654700', 1, 1, 'completed');
INSERT INTO PartyInQueue (id,wait_queue_id,phone_number,party_size,priority,status) VALUES (2, 1, '+16106483200', 5, 2, 'waiting');
INSERT INTO PartyInQueue (id,wait_queue_id,phone_number,party_size,priority,status) VALUES (3, 1, '+16100000004', 3, 3, 'waiting');
INSERT INTO PartyInQueue (id,wait_queue_id,phone_number,party_size,priority,status) VALUES (4, 1, '+16100000005', 7, 4, 'waiting');
INSERT INTO PartyInQueue (id,wait_queue_id,phone_number,party_size,priority,status) VALUES (5, 1, '+16100000006', 9, 5, 'waiting');
INSERT INTO PartyInQueue (id,wait_queue_id,phone_number,party_size,priority,status) VALUES (6, 2, '+16100000007', 2, 6, 'waiting');
INSERT INTO PartyInQueue (id,wait_queue_id,phone_number,party_size,priority,status) VALUES (7, 2, '+16100000008', 10, 7, 'waiting');
INSERT INTO PartyInQueue (id,wait_queue_id,phone_number,party_size,priority,status) VALUES (8, 2, '+16100000009', 5, 8, 'waiting');
INSERT INTO PartyInQueue (id,wait_queue_id,phone_number,party_size,priority,status) VALUES (9, 2, '+16100000010', 3, 9, 'waiting');
INSERT INTO PartyInQueue (id,wait_queue_id,phone_number,party_size,priority,status) VALUES (10, 2, '+16100000011', 6, 10, 'waiting');
INSERT INTO PartyInQueue (id,wait_queue_id,phone_number,party_size,priority,status) VALUES (11, 3, '+16100000012', 1, 11, 'waiting');
INSERT INTO PartyInQueue (id,wait_queue_id,phone_number,party_size,priority,status) VALUES (12, 3, '+16100000013', 3, 12, 'waiting');
INSERT INTO PartyInQueue (id,wait_queue_id,phone_number,party_size,priority,status) VALUES (13, 3, '+16100000014', 4, 13, 'waiting');
INSERT INTO PartyInQueue (id,wait_queue_id,phone_number,party_size,priority,status) VALUES (14, 3, '+16100000015', 7, 14, 'waiting');
INSERT INTO PartyInQueue (id,wait_queue_id,phone_number,party_size,priority,status) VALUES (15, 3, '+16100000016', 5, 15, 'waiting');
INSERT INTO PartyInQueue (id,wait_queue_id,phone_number,party_size,priority,status) VALUES (16, 4, '+16100000017', 8, 16, 'waiting');
INSERT INTO PartyInQueue (id,wait_queue_id,phone_number,party_size,priority,status) VALUES (17, 4, '+16100000018', 1, 17, 'waiting');
INSERT INTO PartyInQueue (id,wait_queue_id,phone_number,party_size,priority,status) VALUES (18, 4, '+16100000019', 5, 18, 'waiting');
INSERT INTO PartyInQueue (id,wait_queue_id,phone_number,party_size,priority,status) VALUES (19, 4, '+16100000020', 6, 19, 'waiting');
INSERT INTO PartyInQueue (id,wait_queue_id,phone_number,party_size,priority,status) VALUES (20, 4, '+16100000021', 4, 20, 'waiting');
INSERT INTO PartyInQueue (id,wait_queue_id,phone_number,party_size,priority,status) VALUES (21, 5, '+16100000022', 8, 21, 'waiting');
INSERT INTO PartyInQueue (id,wait_queue_id,phone_number,party_size,priority,status) VALUES (22, 5, '+16100000023', 5, 22, 'waiting');
INSERT INTO PartyInQueue (id,wait_queue_id,phone_number,party_size,priority,status) VALUES (23, 5, '+16100000024', 10, 23, 'waiting');
INSERT INTO PartyInQueue (id,wait_queue_id,phone_number,party_size,priority,status) VALUES (24, 5, '+16100000025', 7, 24, 'waiting');
INSERT INTO PartyInQueue (id,wait_queue_id,phone_number,party_size,priority,status) VALUES (25, 5, '+16100000026', 4, 25, 'waiting');
INSERT INTO PartyInQueue (id,wait_queue_id,phone_number,party_size,priority,status) VALUES (26, 6, '+16100000027', 8, 26, 'contacted');
INSERT INTO PartyInQueue (id,wait_queue_id,phone_number,party_size,priority,status) VALUES (27, 6, '+16100000028', 1, 27, 'contacted');
INSERT INTO PartyInQueue (id,wait_queue_id,phone_number,party_size,priority,status) VALUES (28, 6, '+16100000029', 9, 28, 'contacted');
INSERT INTO PartyInQueue (id,wait_queue_id,phone_number,party_size,priority,status) VALUES (29, 6, '+16100000030', 5, 29, 'contacted');
INSERT INTO PartyInQueue (id,wait_queue_id,phone_number,party_size,priority,status) VALUES (30, 6, '+16100000031', 1, 30, 'contacted');
INSERT INTO PartyInQueue (id,wait_queue_id,phone_number,party_size,priority,status) VALUES (31, 7, '+16100000032', 2, 31, 'contacted');
INSERT INTO PartyInQueue (id,wait_queue_id,phone_number,party_size,priority,status) VALUES (32, 7, '+16100000033', 6, 32, 'contacted');
INSERT INTO PartyInQueue (id,wait_queue_id,phone_number,party_size,priority,status) VALUES (33, 7, '+16100000034', 7, 33, 'contacted');
INSERT INTO PartyInQueue (id,wait_queue_id,phone_number,party_size,priority,status) VALUES (34, 7, '+16100000035', 6, 34, 'contacted');
INSERT INTO PartyInQueue (id,wait_queue_id,phone_number,party_size,priority,status) VALUES (35, 7, '+16100000036', 5, 35, 'completed');
INSERT INTO PartyInQueue (id,wait_queue_id,phone_number,party_size,priority,status) VALUES (36, 8, '+16100000037', 5, 36, 'completed');
INSERT INTO PartyInQueue (id,wait_queue_id,phone_number,party_size,priority,status) VALUES (37, 8, '+16100000038', 9, 37, 'completed');
INSERT INTO PartyInQueue (id,wait_queue_id,phone_number,party_size,priority,status) VALUES (38, 8, '+16100000039', 4, 38, 'completed');
INSERT INTO PartyInQueue (id,wait_queue_id,phone_number,party_size,priority,status) VALUES (39, 8, '+16100000040', 6, 39, 'completed');

INSERT INTO OfferedItems (restaurant_id,menu_item_id) VALUES (1, 1);
INSERT INTO OfferedItems (restaurant_id,menu_item_id) VALUES (1, 2);
INSERT INTO OfferedItems (restaurant_id,menu_item_id) VALUES (1, 3);
INSERT INTO OfferedItems (restaurant_id,menu_item_id) VALUES (1, 4);
INSERT INTO OfferedItems (restaurant_id,menu_item_id) VALUES (1, 5);
INSERT INTO OfferedItems (restaurant_id,menu_item_id) VALUES (1, 6);
INSERT INTO OfferedItems (restaurant_id,menu_item_id) VALUES (1, 7);
INSERT INTO OfferedItems (restaurant_id,menu_item_id) VALUES (1, 8);
INSERT INTO OfferedItems (restaurant_id,menu_item_id) VALUES (1, 9);
INSERT INTO OfferedItems (restaurant_id,menu_item_id) VALUES (1, 10);
INSERT INTO OfferedItems (restaurant_id,menu_item_id) VALUES (1, 11);
INSERT INTO OfferedItems (restaurant_id,menu_item_id) VALUES (1, 12);
INSERT INTO OfferedItems (restaurant_id,menu_item_id) VALUES (1, 13);
INSERT INTO OfferedItems (restaurant_id,menu_item_id) VALUES (1, 14);
INSERT INTO OfferedItems (restaurant_id,menu_item_id) VALUES (1, 15);
INSERT INTO OfferedItems (restaurant_id,menu_item_id) VALUES (1, 16);
INSERT INTO OfferedItems (restaurant_id,menu_item_id) VALUES (1, 17);
INSERT INTO OfferedItems (restaurant_id,menu_item_id) VALUES (1, 18);
INSERT INTO OfferedItems (restaurant_id,menu_item_id) VALUES (1, 19);
INSERT INTO OfferedItems (restaurant_id,menu_item_id) VALUES (1, 20);
INSERT INTO OfferedItems (restaurant_id,menu_item_id) VALUES (2, 1);
INSERT INTO OfferedItems (restaurant_id,menu_item_id) VALUES (2, 2);
INSERT INTO OfferedItems (restaurant_id,menu_item_id) VALUES (2, 3);
INSERT INTO OfferedItems (restaurant_id,menu_item_id) VALUES (2, 4);
INSERT INTO OfferedItems (restaurant_id,menu_item_id) VALUES (2, 5);
INSERT INTO OfferedItems (restaurant_id,menu_item_id) VALUES (2, 6);
INSERT INTO OfferedItems (restaurant_id,menu_item_id) VALUES (2, 7);
INSERT INTO OfferedItems (restaurant_id,menu_item_id) VALUES (2, 8);
INSERT INTO OfferedItems (restaurant_id,menu_item_id) VALUES (2, 9);
INSERT INTO OfferedItems (restaurant_id,menu_item_id) VALUES (2, 10);
INSERT INTO OfferedItems (restaurant_id,menu_item_id) VALUES (2, 11);
INSERT INTO OfferedItems (restaurant_id,menu_item_id) VALUES (2, 12);
INSERT INTO OfferedItems (restaurant_id,menu_item_id) VALUES (2, 13);
INSERT INTO OfferedItems (restaurant_id,menu_item_id) VALUES (2, 14);
INSERT INTO OfferedItems (restaurant_id,menu_item_id) VALUES (2, 15);
INSERT INTO OfferedItems (restaurant_id,menu_item_id) VALUES (2, 16);
INSERT INTO OfferedItems (restaurant_id,menu_item_id) VALUES (2, 17);
INSERT INTO OfferedItems (restaurant_id,menu_item_id) VALUES (2, 18);
INSERT INTO OfferedItems (restaurant_id,menu_item_id) VALUES (2, 19);
INSERT INTO OfferedItems (restaurant_id,menu_item_id) VALUES (2, 20);
INSERT INTO OfferedItems (restaurant_id,menu_item_id) VALUES (3, 1);
INSERT INTO OfferedItems (restaurant_id,menu_item_id) VALUES (3, 2);
INSERT INTO OfferedItems (restaurant_id,menu_item_id) VALUES (3, 3);
INSERT INTO OfferedItems (restaurant_id,menu_item_id) VALUES (3, 4);
INSERT INTO OfferedItems (restaurant_id,menu_item_id) VALUES (3, 5);
INSERT INTO OfferedItems (restaurant_id,menu_item_id) VALUES (3, 6);
INSERT INTO OfferedItems (restaurant_id,menu_item_id) VALUES (3, 7);
INSERT INTO OfferedItems (restaurant_id,menu_item_id) VALUES (3, 8);
INSERT INTO OfferedItems (restaurant_id,menu_item_id) VALUES (3, 9);
INSERT INTO OfferedItems (restaurant_id,menu_item_id) VALUES (3, 10);
INSERT INTO OfferedItems (restaurant_id,menu_item_id) VALUES (3, 11);
INSERT INTO OfferedItems (restaurant_id,menu_item_id) VALUES (3, 12);
INSERT INTO OfferedItems (restaurant_id,menu_item_id) VALUES (3, 13);
INSERT INTO OfferedItems (restaurant_id,menu_item_id) VALUES (3, 14);
INSERT INTO OfferedItems (restaurant_id,menu_item_id) VALUES (3, 15);
INSERT INTO OfferedItems (restaurant_id,menu_item_id) VALUES (3, 16);
INSERT INTO OfferedItems (restaurant_id,menu_item_id) VALUES (3, 17);
INSERT INTO OfferedItems (restaurant_id,menu_item_id) VALUES (3, 18);
INSERT INTO OfferedItems (restaurant_id,menu_item_id) VALUES (3, 19);
INSERT INTO OfferedItems (restaurant_id,menu_item_id) VALUES (3, 20);
INSERT INTO OfferedItems (restaurant_id,menu_item_id) VALUES (4, 1);
INSERT INTO OfferedItems (restaurant_id,menu_item_id) VALUES (4, 2);
INSERT INTO OfferedItems (restaurant_id,menu_item_id) VALUES (4, 3);
INSERT INTO OfferedItems (restaurant_id,menu_item_id) VALUES (4, 4);
INSERT INTO OfferedItems (restaurant_id,menu_item_id) VALUES (4, 5);
INSERT INTO OfferedItems (restaurant_id,menu_item_id) VALUES (4, 6);
INSERT INTO OfferedItems (restaurant_id,menu_item_id) VALUES (4, 7);
INSERT INTO OfferedItems (restaurant_id,menu_item_id) VALUES (4, 8);
INSERT INTO OfferedItems (restaurant_id,menu_item_id) VALUES (4, 9);
INSERT INTO OfferedItems (restaurant_id,menu_item_id) VALUES (4, 10);
INSERT INTO OfferedItems (restaurant_id,menu_item_id) VALUES (4, 11);
INSERT INTO OfferedItems (restaurant_id,menu_item_id) VALUES (4, 12);
INSERT INTO OfferedItems (restaurant_id,menu_item_id) VALUES (4, 13);
INSERT INTO OfferedItems (restaurant_id,menu_item_id) VALUES (4, 14);
INSERT INTO OfferedItems (restaurant_id,menu_item_id) VALUES (4, 15);
INSERT INTO OfferedItems (restaurant_id,menu_item_id) VALUES (4, 16);
INSERT INTO OfferedItems (restaurant_id,menu_item_id) VALUES (4, 17);
INSERT INTO OfferedItems (restaurant_id,menu_item_id) VALUES (4, 18);
INSERT INTO OfferedItems (restaurant_id,menu_item_id) VALUES (4, 19);
INSERT INTO OfferedItems (restaurant_id,menu_item_id) VALUES (4, 20);
INSERT INTO OfferedItems (restaurant_id,menu_item_id) VALUES (5, 1);
INSERT INTO OfferedItems (restaurant_id,menu_item_id) VALUES (5, 2);
INSERT INTO OfferedItems (restaurant_id,menu_item_id) VALUES (5, 3);
INSERT INTO OfferedItems (restaurant_id,menu_item_id) VALUES (5, 4);
INSERT INTO OfferedItems (restaurant_id,menu_item_id) VALUES (5, 5);
INSERT INTO OfferedItems (restaurant_id,menu_item_id) VALUES (5, 6);
INSERT INTO OfferedItems (restaurant_id,menu_item_id) VALUES (5, 7);
INSERT INTO OfferedItems (restaurant_id,menu_item_id) VALUES (5, 8);
INSERT INTO OfferedItems (restaurant_id,menu_item_id) VALUES (5, 9);
INSERT INTO OfferedItems (restaurant_id,menu_item_id) VALUES (5, 10);
INSERT INTO OfferedItems (restaurant_id,menu_item_id) VALUES (5, 11);
INSERT INTO OfferedItems (restaurant_id,menu_item_id) VALUES (5, 12);
INSERT INTO OfferedItems (restaurant_id,menu_item_id) VALUES (5, 13);
INSERT INTO OfferedItems (restaurant_id,menu_item_id) VALUES (5, 14);
INSERT INTO OfferedItems (restaurant_id,menu_item_id) VALUES (5, 15);
INSERT INTO OfferedItems (restaurant_id,menu_item_id) VALUES (5, 16);
INSERT INTO OfferedItems (restaurant_id,menu_item_id) VALUES (5, 17);
INSERT INTO OfferedItems (restaurant_id,menu_item_id) VALUES (5, 18);
INSERT INTO OfferedItems (restaurant_id,menu_item_id) VALUES (5, 19);
INSERT INTO OfferedItems (restaurant_id,menu_item_id) VALUES (5, 20);
INSERT INTO OfferedItems (restaurant_id,menu_item_id) VALUES (6, 1);
INSERT INTO OfferedItems (restaurant_id,menu_item_id) VALUES (7, 2);
INSERT INTO OfferedItems (restaurant_id,menu_item_id) VALUES (8, 3);
INSERT INTO OfferedItems (restaurant_id,menu_item_id) VALUES (9, 4);
INSERT INTO OfferedItems (restaurant_id,menu_item_id) VALUES (10, 5);
INSERT INTO OfferedItems (restaurant_id,menu_item_id) VALUES (11, 6);
INSERT INTO OfferedItems (restaurant_id,menu_item_id) VALUES (12, 7);
INSERT INTO OfferedItems (restaurant_id,menu_item_id) VALUES (13, 8);
INSERT INTO OfferedItems (restaurant_id,menu_item_id) VALUES (14, 9);
INSERT INTO OfferedItems (restaurant_id,menu_item_id) VALUES (15, 10);
INSERT INTO OfferedItems (restaurant_id,menu_item_id) VALUES (16, 11);
INSERT INTO OfferedItems (restaurant_id,menu_item_id) VALUES (17, 12);
INSERT INTO OfferedItems (restaurant_id,menu_item_id) VALUES (18, 13);
INSERT INTO OfferedItems (restaurant_id,menu_item_id) VALUES (19, 14);
INSERT INTO OfferedItems (restaurant_id,menu_item_id) VALUES (20, 15);

INSERT INTO RestaurantTable (restaurant_id,name,width,length,occupancy) VALUES (1, 'Booth 1', 1, 1.5, 1);
INSERT INTO RestaurantTable (restaurant_id,name,width,length,occupancy) VALUES (1, 'Booth 2', 1, 1.5, 2);
INSERT INTO RestaurantTable (restaurant_id,name,width,length,occupancy) VALUES (1, 'Booth 3', 1, 1.5, 3);
INSERT INTO RestaurantTable (restaurant_id,name,width,length,occupancy) VALUES (1, 'Booth 4', 1, 1.5, 4);
INSERT INTO RestaurantTable (restaurant_id,name,width,length,occupancy) VALUES (1, 'Booth 5', 1, 1.5, 5);
INSERT INTO RestaurantTable (restaurant_id,name,width,length,occupancy) VALUES (1, 'Booth 6', 1, 1.5, 6);
INSERT INTO RestaurantTable (restaurant_id,name,width,length,occupancy) VALUES (1, 'Booth 7', 1, 1.5, 7);
INSERT INTO RestaurantTable (restaurant_id,name,width,length,occupancy) VALUES (1, 'Booth 8', 1, 1.5, 8);
INSERT INTO RestaurantTable (restaurant_id,name,width,length,occupancy) VALUES (1, 'Booth 9', 1, 1.5, 9);
INSERT INTO RestaurantTable (restaurant_id,name,width,length,occupancy) VALUES (1, 'Booth 10', 1, 1.5, 10);
INSERT INTO RestaurantTable (restaurant_id,name,width,length,occupancy) VALUES (2, 'Booth 1', 1, 1.5, 1);
INSERT INTO RestaurantTable (restaurant_id,name,width,length,occupancy) VALUES (2, 'Booth 2', 1, 1.5, 2);
INSERT INTO RestaurantTable (restaurant_id,name,width,length,occupancy) VALUES (2, 'Booth 3', 1, 1.5, 3);
INSERT INTO RestaurantTable (restaurant_id,name,width,length,occupancy) VALUES (2, 'Booth 4', 1, 1.5, 4);
INSERT INTO RestaurantTable (restaurant_id,name,width,length,occupancy) VALUES (2, 'Booth 5', 1, 1.5, 5);
INSERT INTO RestaurantTable (restaurant_id,name,width,length,occupancy) VALUES (2, 'Booth 6', 1, 1.5, 6);
INSERT INTO RestaurantTable (restaurant_id,name,width,length,occupancy) VALUES (2, 'Booth 7', 1, 1.5, 7);
INSERT INTO RestaurantTable (restaurant_id,name,width,length,occupancy) VALUES (2, 'Booth 8', 1, 1.5, 8);
INSERT INTO RestaurantTable (restaurant_id,name,width,length,occupancy) VALUES (2, 'Booth 9', 1, 1.5, 9);
INSERT INTO RestaurantTable (restaurant_id,name,width,length,occupancy) VALUES (2, 'Booth 10', 1, 1.5, 10);
INSERT INTO RestaurantTable (restaurant_id,name,width,length,occupancy) VALUES (3, 'Booth 1', 1, 1.5, 1);
INSERT INTO RestaurantTable (restaurant_id,name,width,length,occupancy) VALUES (3, 'Booth 2', 1, 1.5, 2);
INSERT INTO RestaurantTable (restaurant_id,name,width,length,occupancy) VALUES (3, 'Booth 3', 1, 1.5, 3);
INSERT INTO RestaurantTable (restaurant_id,name,width,length,occupancy) VALUES (3, 'Booth 4', 1, 1.5, 4);
INSERT INTO RestaurantTable (restaurant_id,name,width,length,occupancy) VALUES (3, 'Booth 5', 1, 1.5, 5);
INSERT INTO RestaurantTable (restaurant_id,name,width,length,occupancy) VALUES (3, 'Booth 6', 1, 1.5, 6);
INSERT INTO RestaurantTable (restaurant_id,name,width,length,occupancy) VALUES (3, 'Booth 7', 1, 1.5, 7);
INSERT INTO RestaurantTable (restaurant_id,name,width,length,occupancy) VALUES (3, 'Booth 8', 1, 1.5, 8);
INSERT INTO RestaurantTable (restaurant_id,name,width,length,occupancy) VALUES (3, 'Booth 9', 1, 1.5, 9);
INSERT INTO RestaurantTable (restaurant_id,name,width,length,occupancy) VALUES (3, 'Booth 10', 1, 1.5, 10);
INSERT INTO RestaurantTable (restaurant_id,name,width,length,occupancy) VALUES (4, 'Booth 1', 1, 1.5, 1);
INSERT INTO RestaurantTable (restaurant_id,name,width,length,occupancy) VALUES (4, 'Booth 2', 1, 1.5, 2);
INSERT INTO RestaurantTable (restaurant_id,name,width,length,occupancy) VALUES (4, 'Booth 3', 1, 1.5, 3);
INSERT INTO RestaurantTable (restaurant_id,name,width,length,occupancy) VALUES (4, 'Booth 4', 1, 1.5, 4);
INSERT INTO RestaurantTable (restaurant_id,name,width,length,occupancy) VALUES (4, 'Booth 5', 1, 1.5, 5);
INSERT INTO RestaurantTable (restaurant_id,name,width,length,occupancy) VALUES (4, 'Booth 6', 1, 1.5, 6);
INSERT INTO RestaurantTable (restaurant_id,name,width,length,occupancy) VALUES (4, 'Booth 7', 1, 1.5, 7);
INSERT INTO RestaurantTable (restaurant_id,name,width,length,occupancy) VALUES (4, 'Booth 8', 1, 1.5, 8);
INSERT INTO RestaurantTable (restaurant_id,name,width,length,occupancy) VALUES (4, 'Booth 9', 1, 1.5, 9);
INSERT INTO RestaurantTable (restaurant_id,name,width,length,occupancy) VALUES (4, 'Booth 10', 1, 1.5, 10);
INSERT INTO RestaurantTable (restaurant_id,name,width,length,occupancy) VALUES (5, 'Booth 1', 1, 1.5, 1);
INSERT INTO RestaurantTable (restaurant_id,name,width,length,occupancy) VALUES (5, 'Booth 2', 1, 1.5, 2);
INSERT INTO RestaurantTable (restaurant_id,name,width,length,occupancy) VALUES (5, 'Booth 3', 1, 1.5, 3);
INSERT INTO RestaurantTable (restaurant_id,name,width,length,occupancy) VALUES (5, 'Booth 4', 1, 1.5, 4);
INSERT INTO RestaurantTable (restaurant_id,name,width,length,occupancy) VALUES (5, 'Booth 5', 1, 1.5, 5);
INSERT INTO RestaurantTable (restaurant_id,name,width,length,occupancy) VALUES (5, 'Booth 6', 1, 1.5, 6);
INSERT INTO RestaurantTable (restaurant_id,name,width,length,occupancy) VALUES (5, 'Booth 7', 1, 1.5, 7);
INSERT INTO RestaurantTable (restaurant_id,name,width,length,occupancy) VALUES (5, 'Booth 8', 1, 1.5, 8);
INSERT INTO RestaurantTable (restaurant_id,name,width,length,occupancy) VALUES (5, 'Booth 9', 1, 1.5, 9);
INSERT INTO RestaurantTable (restaurant_id,name,width,length,occupancy) VALUES (5, 'Booth 10', 1, 1.5, 10);
INSERT INTO RestaurantTable (restaurant_id,name,width,length,occupancy) VALUES (6, 'Booth 1', 1, 1.5, 1);
INSERT INTO RestaurantTable (restaurant_id,name,width,length,occupancy) VALUES (6, 'Booth 2', 1, 1.5, 2);
INSERT INTO RestaurantTable (restaurant_id,name,width,length,occupancy) VALUES (6, 'Booth 3', 1, 1.5, 3);
INSERT INTO RestaurantTable (restaurant_id,name,width,length,occupancy) VALUES (6, 'Booth 4', 1, 1.5, 4);
INSERT INTO RestaurantTable (restaurant_id,name,width,length,occupancy) VALUES (6, 'Booth 5', 1, 1.5, 5);
INSERT INTO RestaurantTable (restaurant_id,name,width,length,occupancy) VALUES (6, 'Booth 6', 1, 1.5, 6);
INSERT INTO RestaurantTable (restaurant_id,name,width,length,occupancy) VALUES (6, 'Booth 7', 1, 1.5, 7);
INSERT INTO RestaurantTable (restaurant_id,name,width,length,occupancy) VALUES (6, 'Booth 8', 1, 1.5, 8);
INSERT INTO RestaurantTable (restaurant_id,name,width,length,occupancy) VALUES (6, 'Booth 9', 1, 1.5, 9);
INSERT INTO RestaurantTable (restaurant_id,name,width,length,occupancy) VALUES (6, 'Booth 10', 1, 1.5, 10);
INSERT INTO RestaurantTable (restaurant_id,name,width,length,occupancy) VALUES (7, 'Booth 1', 1, 1.5, 1);
INSERT INTO RestaurantTable (restaurant_id,name,width,length,occupancy) VALUES (7, 'Booth 2', 1, 1.5, 2);
INSERT INTO RestaurantTable (restaurant_id,name,width,length,occupancy) VALUES (7, 'Booth 3', 1, 1.5, 3);
INSERT INTO RestaurantTable (restaurant_id,name,width,length,occupancy) VALUES (7, 'Booth 4', 1, 1.5, 4);
INSERT INTO RestaurantTable (restaurant_id,name,width,length,occupancy) VALUES (7, 'Booth 5', 1, 1.5, 5);
INSERT INTO RestaurantTable (restaurant_id,name,width,length,occupancy) VALUES (7, 'Booth 6', 1, 1.5, 6);
INSERT INTO RestaurantTable (restaurant_id,name,width,length,occupancy) VALUES (7, 'Booth 7', 1, 1.5, 7);
INSERT INTO RestaurantTable (restaurant_id,name,width,length,occupancy) VALUES (7, 'Booth 8', 1, 1.5, 8);
INSERT INTO RestaurantTable (restaurant_id,name,width,length,occupancy) VALUES (7, 'Booth 9', 1, 1.5, 9);
INSERT INTO RestaurantTable (restaurant_id,name,width,length,occupancy) VALUES (7, 'Booth 10', 1, 1.5, 10);
INSERT INTO RestaurantTable (restaurant_id,name,width,length,occupancy) VALUES (8, 'Booth 1', 1, 1.5, 1);
INSERT INTO RestaurantTable (restaurant_id,name,width,length,occupancy) VALUES (8, 'Booth 2', 1, 1.5, 2);
INSERT INTO RestaurantTable (restaurant_id,name,width,length,occupancy) VALUES (8, 'Booth 3', 1, 1.5, 3);
INSERT INTO RestaurantTable (restaurant_id,name,width,length,occupancy) VALUES (8, 'Booth 4', 1, 1.5, 4);
INSERT INTO RestaurantTable (restaurant_id,name,width,length,occupancy) VALUES (8, 'Booth 5', 1, 1.5, 5);
INSERT INTO RestaurantTable (restaurant_id,name,width,length,occupancy) VALUES (8, 'Booth 6', 1, 1.5, 6);
INSERT INTO RestaurantTable (restaurant_id,name,width,length,occupancy) VALUES (8, 'Booth 7', 1, 1.5, 7);
INSERT INTO RestaurantTable (restaurant_id,name,width,length,occupancy) VALUES (8, 'Booth 8', 1, 1.5, 8);
INSERT INTO RestaurantTable (restaurant_id,name,width,length,occupancy) VALUES (8, 'Booth 9', 1, 1.5, 9);
INSERT INTO RestaurantTable (restaurant_id,name,width,length,occupancy) VALUES (8, 'Booth 10', 1, 1.5, 10);
INSERT INTO RestaurantTable (restaurant_id,name,width,length,occupancy) VALUES (9, 'Booth 1', 1, 1.5, 1);
INSERT INTO RestaurantTable (restaurant_id,name,width,length,occupancy) VALUES (9, 'Booth 2', 1, 1.5, 2);
INSERT INTO RestaurantTable (restaurant_id,name,width,length,occupancy) VALUES (9, 'Booth 3', 1, 1.5, 3);
INSERT INTO RestaurantTable (restaurant_id,name,width,length,occupancy) VALUES (9, 'Booth 4', 1, 1.5, 4);
INSERT INTO RestaurantTable (restaurant_id,name,width,length,occupancy) VALUES (9, 'Booth 5', 1, 1.5, 5);
INSERT INTO RestaurantTable (restaurant_id,name,width,length,occupancy) VALUES (9, 'Booth 6', 1, 1.5, 6);
INSERT INTO RestaurantTable (restaurant_id,name,width,length,occupancy) VALUES (9, 'Booth 7', 1, 1.5, 7);
INSERT INTO RestaurantTable (restaurant_id,name,width,length,occupancy) VALUES (9, 'Booth 8', 1, 1.5, 8);
INSERT INTO RestaurantTable (restaurant_id,name,width,length,occupancy) VALUES (9, 'Booth 9', 1, 1.5, 9);
INSERT INTO RestaurantTable (restaurant_id,name,width,length,occupancy) VALUES (9, 'Booth 10', 1, 1.5, 10);
INSERT INTO RestaurantTable (restaurant_id,name,width,length,occupancy) VALUES (10, 'Booth 1', 1, 1.5, 1);
INSERT INTO RestaurantTable (restaurant_id,name,width,length,occupancy) VALUES (10, 'Booth 2', 1, 1.5, 2);
INSERT INTO RestaurantTable (restaurant_id,name,width,length,occupancy) VALUES (10, 'Booth 3', 1, 1.5, 3);
INSERT INTO RestaurantTable (restaurant_id,name,width,length,occupancy) VALUES (10, 'Booth 4', 1, 1.5, 4);
INSERT INTO RestaurantTable (restaurant_id,name,width,length,occupancy) VALUES (10, 'Booth 5', 1, 1.5, 5);
INSERT INTO RestaurantTable (restaurant_id,name,width,length,occupancy) VALUES (10, 'Booth 6', 1, 1.5, 6);
INSERT INTO RestaurantTable (restaurant_id,name,width,length,occupancy) VALUES (10, 'Booth 7', 1, 1.5, 7);
INSERT INTO RestaurantTable (restaurant_id,name,width,length,occupancy) VALUES (10, 'Booth 8', 1, 1.5, 8);
INSERT INTO RestaurantTable (restaurant_id,name,width,length,occupancy) VALUES (10, 'Booth 9', 1, 1.5, 9);
INSERT INTO RestaurantTable (restaurant_id,name,width,length,occupancy) VALUES (10, 'Booth 10', 1, 1.5, 10);
INSERT INTO RestaurantTable (restaurant_id,name,width,length,occupancy) VALUES (11, 'Booth 1', 1, 1.5, 1);
INSERT INTO RestaurantTable (restaurant_id,name,width,length,occupancy) VALUES (11, 'Booth 2', 1, 1.5, 2);
INSERT INTO RestaurantTable (restaurant_id,name,width,length,occupancy) VALUES (11, 'Booth 3', 1, 1.5, 3);
INSERT INTO RestaurantTable (restaurant_id,name,width,length,occupancy) VALUES (11, 'Booth 4', 1, 1.5, 4);
INSERT INTO RestaurantTable (restaurant_id,name,width,length,occupancy) VALUES (11, 'Booth 5', 1, 1.5, 5);
INSERT INTO RestaurantTable (restaurant_id,name,width,length,occupancy) VALUES (11, 'Booth 6', 1, 1.5, 6);
INSERT INTO RestaurantTable (restaurant_id,name,width,length,occupancy) VALUES (11, 'Booth 7', 1, 1.5, 7);
INSERT INTO RestaurantTable (restaurant_id,name,width,length,occupancy) VALUES (11, 'Booth 8', 1, 1.5, 8);
INSERT INTO RestaurantTable (restaurant_id,name,width,length,occupancy) VALUES (11, 'Booth 9', 1, 1.5, 9);
INSERT INTO RestaurantTable (restaurant_id,name,width,length,occupancy) VALUES (11, 'Booth 10', 1, 1.5, 10);
INSERT INTO RestaurantTable (restaurant_id,name,width,length,occupancy) VALUES (12, 'Booth 1', 1, 1.5, 1);
INSERT INTO RestaurantTable (restaurant_id,name,width,length,occupancy) VALUES (12, 'Booth 2', 1, 1.5, 2);
INSERT INTO RestaurantTable (restaurant_id,name,width,length,occupancy) VALUES (12, 'Booth 3', 1, 1.5, 3);
INSERT INTO RestaurantTable (restaurant_id,name,width,length,occupancy) VALUES (12, 'Booth 4', 1, 1.5, 4);
INSERT INTO RestaurantTable (restaurant_id,name,width,length,occupancy) VALUES (12, 'Booth 5', 1, 1.5, 5);
INSERT INTO RestaurantTable (restaurant_id,name,width,length,occupancy) VALUES (12, 'Booth 6', 1, 1.5, 6);
INSERT INTO RestaurantTable (restaurant_id,name,width,length,occupancy) VALUES (12, 'Booth 7', 1, 1.5, 7);
INSERT INTO RestaurantTable (restaurant_id,name,width,length,occupancy) VALUES (12, 'Booth 8', 1, 1.5, 8);
INSERT INTO RestaurantTable (restaurant_id,name,width,length,occupancy) VALUES (12, 'Booth 9', 1, 1.5, 9);
INSERT INTO RestaurantTable (restaurant_id,name,width,length,occupancy) VALUES (12, 'Booth 10', 1, 1.5, 10);
INSERT INTO RestaurantTable (restaurant_id,name,width,length,occupancy) VALUES (13, 'Booth 1', 1, 1.5, 1);
INSERT INTO RestaurantTable (restaurant_id,name,width,length,occupancy) VALUES (13, 'Booth 2', 1, 1.5, 2);
INSERT INTO RestaurantTable (restaurant_id,name,width,length,occupancy) VALUES (13, 'Booth 3', 1, 1.5, 3);
INSERT INTO RestaurantTable (restaurant_id,name,width,length,occupancy) VALUES (13, 'Booth 4', 1, 1.5, 4);
INSERT INTO RestaurantTable (restaurant_id,name,width,length,occupancy) VALUES (13, 'Booth 5', 1, 1.5, 5);
INSERT INTO RestaurantTable (restaurant_id,name,width,length,occupancy) VALUES (13, 'Booth 6', 1, 1.5, 6);
INSERT INTO RestaurantTable (restaurant_id,name,width,length,occupancy) VALUES (13, 'Booth 7', 1, 1.5, 7);
INSERT INTO RestaurantTable (restaurant_id,name,width,length,occupancy) VALUES (13, 'Booth 8', 1, 1.5, 8);
INSERT INTO RestaurantTable (restaurant_id,name,width,length,occupancy) VALUES (13, 'Booth 9', 1, 1.5, 9);
INSERT INTO RestaurantTable (restaurant_id,name,width,length,occupancy) VALUES (13, 'Booth 10', 1, 1.5, 10);
INSERT INTO RestaurantTable (restaurant_id,name,width,length,occupancy) VALUES (14, 'Booth 1', 1, 1.5, 1);
INSERT INTO RestaurantTable (restaurant_id,name,width,length,occupancy) VALUES (14, 'Booth 2', 1, 1.5, 2);
INSERT INTO RestaurantTable (restaurant_id,name,width,length,occupancy) VALUES (14, 'Booth 3', 1, 1.5, 3);
INSERT INTO RestaurantTable (restaurant_id,name,width,length,occupancy) VALUES (14, 'Booth 4', 1, 1.5, 4);
INSERT INTO RestaurantTable (restaurant_id,name,width,length,occupancy) VALUES (14, 'Booth 5', 1, 1.5, 5);
INSERT INTO RestaurantTable (restaurant_id,name,width,length,occupancy) VALUES (14, 'Booth 6', 1, 1.5, 6);
INSERT INTO RestaurantTable (restaurant_id,name,width,length,occupancy) VALUES (14, 'Booth 7', 1, 1.5, 7);
INSERT INTO RestaurantTable (restaurant_id,name,width,length,occupancy) VALUES (14, 'Booth 8', 1, 1.5, 8);
INSERT INTO RestaurantTable (restaurant_id,name,width,length,occupancy) VALUES (14, 'Booth 9', 1, 1.5, 9);
INSERT INTO RestaurantTable (restaurant_id,name,width,length,occupancy) VALUES (14, 'Booth 10', 1, 1.5, 10);
INSERT INTO RestaurantTable (restaurant_id,name,width,length,occupancy) VALUES (15, 'Booth 1', 1, 1.5, 1);
INSERT INTO RestaurantTable (restaurant_id,name,width,length,occupancy) VALUES (15, 'Booth 2', 1, 1.5, 2);
INSERT INTO RestaurantTable (restaurant_id,name,width,length,occupancy) VALUES (15, 'Booth 3', 1, 1.5, 3);
INSERT INTO RestaurantTable (restaurant_id,name,width,length,occupancy) VALUES (15, 'Booth 4', 1, 1.5, 4);
INSERT INTO RestaurantTable (restaurant_id,name,width,length,occupancy) VALUES (15, 'Booth 5', 1, 1.5, 5);
INSERT INTO RestaurantTable (restaurant_id,name,width,length,occupancy) VALUES (15, 'Booth 6', 1, 1.5, 6);
INSERT INTO RestaurantTable (restaurant_id,name,width,length,occupancy) VALUES (15, 'Booth 7', 1, 1.5, 7);
INSERT INTO RestaurantTable (restaurant_id,name,width,length,occupancy) VALUES (15, 'Booth 8', 1, 1.5, 8);
INSERT INTO RestaurantTable (restaurant_id,name,width,length,occupancy) VALUES (15, 'Booth 9', 1, 1.5, 9);
INSERT INTO RestaurantTable (restaurant_id,name,width,length,occupancy) VALUES (15, 'Booth 10', 1, 1.5, 10);
INSERT INTO RestaurantTable (restaurant_id,name,width,length,occupancy) VALUES (16, 'Booth 1', 1, 1.5, 1);
INSERT INTO RestaurantTable (restaurant_id,name,width,length,occupancy) VALUES (16, 'Booth 2', 1, 1.5, 2);
INSERT INTO RestaurantTable (restaurant_id,name,width,length,occupancy) VALUES (16, 'Booth 3', 1, 1.5, 3);
INSERT INTO RestaurantTable (restaurant_id,name,width,length,occupancy) VALUES (16, 'Booth 4', 1, 1.5, 4);
INSERT INTO RestaurantTable (restaurant_id,name,width,length,occupancy) VALUES (16, 'Booth 5', 1, 1.5, 5);
INSERT INTO RestaurantTable (restaurant_id,name,width,length,occupancy) VALUES (16, 'Booth 6', 1, 1.5, 6);
INSERT INTO RestaurantTable (restaurant_id,name,width,length,occupancy) VALUES (16, 'Booth 7', 1, 1.5, 7);
INSERT INTO RestaurantTable (restaurant_id,name,width,length,occupancy) VALUES (16, 'Booth 8', 1, 1.5, 8);
INSERT INTO RestaurantTable (restaurant_id,name,width,length,occupancy) VALUES (16, 'Booth 9', 1, 1.5, 9);
INSERT INTO RestaurantTable (restaurant_id,name,width,length,occupancy) VALUES (16, 'Booth 10', 1, 1.5, 10);
INSERT INTO RestaurantTable (restaurant_id,name,width,length,occupancy) VALUES (17, 'Booth 1', 1, 1.5, 1);
INSERT INTO RestaurantTable (restaurant_id,name,width,length,occupancy) VALUES (17, 'Booth 2', 1, 1.5, 2);
INSERT INTO RestaurantTable (restaurant_id,name,width,length,occupancy) VALUES (17, 'Booth 3', 1, 1.5, 3);
INSERT INTO RestaurantTable (restaurant_id,name,width,length,occupancy) VALUES (17, 'Booth 4', 1, 1.5, 4);
INSERT INTO RestaurantTable (restaurant_id,name,width,length,occupancy) VALUES (17, 'Booth 5', 1, 1.5, 5);
INSERT INTO RestaurantTable (restaurant_id,name,width,length,occupancy) VALUES (17, 'Booth 6', 1, 1.5, 6);
INSERT INTO RestaurantTable (restaurant_id,name,width,length,occupancy) VALUES (17, 'Booth 7', 1, 1.5, 7);
INSERT INTO RestaurantTable (restaurant_id,name,width,length,occupancy) VALUES (17, 'Booth 8', 1, 1.5, 8);
INSERT INTO RestaurantTable (restaurant_id,name,width,length,occupancy) VALUES (17, 'Booth 9', 1, 1.5, 9);
INSERT INTO RestaurantTable (restaurant_id,name,width,length,occupancy) VALUES (17, 'Booth 10', 1, 1.5, 10);
INSERT INTO RestaurantTable (restaurant_id,name,width,length,occupancy) VALUES (18, 'Booth 1', 1, 1.5, 1);
INSERT INTO RestaurantTable (restaurant_id,name,width,length,occupancy) VALUES (18, 'Booth 2', 1, 1.5, 2);
INSERT INTO RestaurantTable (restaurant_id,name,width,length,occupancy) VALUES (18, 'Booth 3', 1, 1.5, 3);
INSERT INTO RestaurantTable (restaurant_id,name,width,length,occupancy) VALUES (18, 'Booth 4', 1, 1.5, 4);
INSERT INTO RestaurantTable (restaurant_id,name,width,length,occupancy) VALUES (18, 'Booth 5', 1, 1.5, 5);
INSERT INTO RestaurantTable (restaurant_id,name,width,length,occupancy) VALUES (18, 'Booth 6', 1, 1.5, 6);
INSERT INTO RestaurantTable (restaurant_id,name,width,length,occupancy) VALUES (18, 'Booth 7', 1, 1.5, 7);
INSERT INTO RestaurantTable (restaurant_id,name,width,length,occupancy) VALUES (18, 'Booth 8', 1, 1.5, 8);
INSERT INTO RestaurantTable (restaurant_id,name,width,length,occupancy) VALUES (18, 'Booth 9', 1, 1.5, 9);
INSERT INTO RestaurantTable (restaurant_id,name,width,length,occupancy) VALUES (18, 'Booth 10', 1, 1.5, 10);
INSERT INTO RestaurantTable (restaurant_id,name,width,length,occupancy) VALUES (19, 'Booth 1', 1, 1.5, 1);
INSERT INTO RestaurantTable (restaurant_id,name,width,length,occupancy) VALUES (19, 'Booth 2', 1, 1.5, 2);
INSERT INTO RestaurantTable (restaurant_id,name,width,length,occupancy) VALUES (19, 'Booth 3', 1, 1.5, 3);
INSERT INTO RestaurantTable (restaurant_id,name,width,length,occupancy) VALUES (19, 'Booth 4', 1, 1.5, 4);
INSERT INTO RestaurantTable (restaurant_id,name,width,length,occupancy) VALUES (19, 'Booth 5', 1, 1.5, 5);
INSERT INTO RestaurantTable (restaurant_id,name,width,length,occupancy) VALUES (19, 'Booth 6', 1, 1.5, 6);
INSERT INTO RestaurantTable (restaurant_id,name,width,length,occupancy) VALUES (19, 'Booth 7', 1, 1.5, 7);
INSERT INTO RestaurantTable (restaurant_id,name,width,length,occupancy) VALUES (19, 'Booth 8', 1, 1.5, 8);
INSERT INTO RestaurantTable (restaurant_id,name,width,length,occupancy) VALUES (19, 'Booth 9', 1, 1.5, 9);
INSERT INTO RestaurantTable (restaurant_id,name,width,length,occupancy) VALUES (19, 'Booth 10', 1, 1.5, 10);
INSERT INTO RestaurantTable (restaurant_id,name,width,length,occupancy) VALUES (20, 'Booth 1', 1, 1.5, 1);
INSERT INTO RestaurantTable (restaurant_id,name,width,length,occupancy) VALUES (20, 'Booth 2', 1, 1.5, 2);
INSERT INTO RestaurantTable (restaurant_id,name,width,length,occupancy) VALUES (20, 'Booth 3', 1, 1.5, 3);
INSERT INTO RestaurantTable (restaurant_id,name,width,length,occupancy) VALUES (20, 'Booth 4', 1, 1.5, 4);
INSERT INTO RestaurantTable (restaurant_id,name,width,length,occupancy) VALUES (20, 'Booth 5', 1, 1.5, 5);
INSERT INTO RestaurantTable (restaurant_id,name,width,length,occupancy) VALUES (20, 'Booth 6', 1, 1.5, 6);
INSERT INTO RestaurantTable (restaurant_id,name,width,length,occupancy) VALUES (20, 'Booth 7', 1, 1.5, 7);
INSERT INTO RestaurantTable (restaurant_id,name,width,length,occupancy) VALUES (20, 'Booth 8', 1, 1.5, 8);
INSERT INTO RestaurantTable (restaurant_id,name,width,length,occupancy) VALUES (20, 'Booth 9', 1, 1.5, 9);
INSERT INTO RestaurantTable (restaurant_id,name,width,length,occupancy) VALUES (20, 'Booth 10', 1, 1.5, 10);

INSERT INTO TableMap (restaurant_id,name) VALUES (1, 'Map 1');
INSERT INTO TableMap (restaurant_id,name) VALUES (1, 'Map 2');
INSERT INTO TableMap (restaurant_id,name) VALUES (2, 'Map 1');
INSERT INTO TableMap (restaurant_id,name) VALUES (2, 'Map 2');
INSERT INTO TableMap (restaurant_id,name) VALUES (3, 'Map 1');
INSERT INTO TableMap (restaurant_id,name) VALUES (3, 'Map 2');
INSERT INTO TableMap (restaurant_id,name) VALUES (4, 'Map 1');
INSERT INTO TableMap (restaurant_id,name) VALUES (4, 'Map 2');
INSERT INTO TableMap (restaurant_id,name) VALUES (5, 'Map 1');
INSERT INTO TableMap (restaurant_id,name) VALUES (5, 'Map 2');
INSERT INTO TableMap (restaurant_id,name) VALUES (6, 'Map 1');
INSERT INTO TableMap (restaurant_id,name) VALUES (6, 'Map 2');
INSERT INTO TableMap (restaurant_id,name) VALUES (7, 'Map 1');
INSERT INTO TableMap (restaurant_id,name) VALUES (7, 'Map 2');
INSERT INTO TableMap (restaurant_id,name) VALUES (8, 'Map 1');
INSERT INTO TableMap (restaurant_id,name) VALUES (8, 'Map 2');
INSERT INTO TableMap (restaurant_id,name) VALUES (9, 'Map 1');
INSERT INTO TableMap (restaurant_id,name) VALUES (9, 'Map 2');
INSERT INTO TableMap (restaurant_id,name) VALUES (10, 'Map 1');
INSERT INTO TableMap (restaurant_id,name) VALUES (10, 'Map 2');
INSERT INTO TableMap (restaurant_id,name) VALUES (11, 'Map 1');
INSERT INTO TableMap (restaurant_id,name) VALUES (11, 'Map 2');
INSERT INTO TableMap (restaurant_id,name) VALUES (12, 'Map 1');
INSERT INTO TableMap (restaurant_id,name) VALUES (12, 'Map 2');
INSERT INTO TableMap (restaurant_id,name) VALUES (13, 'Map 1');
INSERT INTO TableMap (restaurant_id,name) VALUES (13, 'Map 2');
INSERT INTO TableMap (restaurant_id,name) VALUES (14, 'Map 1');
INSERT INTO TableMap (restaurant_id,name) VALUES (14, 'Map 2');
INSERT INTO TableMap (restaurant_id,name) VALUES (15, 'Map 1');
INSERT INTO TableMap (restaurant_id,name) VALUES (15, 'Map 2');
INSERT INTO TableMap (restaurant_id,name) VALUES (16, 'Map 1');
INSERT INTO TableMap (restaurant_id,name) VALUES (16, 'Map 2');
INSERT INTO TableMap (restaurant_id,name) VALUES (17, 'Map 1');
INSERT INTO TableMap (restaurant_id,name) VALUES (17, 'Map 2');
INSERT INTO TableMap (restaurant_id,name) VALUES (18, 'Map 1');
INSERT INTO TableMap (restaurant_id,name) VALUES (18, 'Map 2');
INSERT INTO TableMap (restaurant_id,name) VALUES (19, 'Map 1');
INSERT INTO TableMap (restaurant_id,name) VALUES (19, 'Map 2');
INSERT INTO TableMap (restaurant_id,name) VALUES (20, 'Map 1');
INSERT INTO TableMap (restaurant_id,name) VALUES (20, 'Map 2');

INSERT INTO TableMapItem (restaurant_id,map_name,table_name,x_location,y_location,rotation) VALUES (1, 'Map 1', 'Booth 1', 0, 0, 90);
INSERT INTO TableMapItem (restaurant_id,map_name,table_name,x_location,y_location,rotation) VALUES (1, 'Map 1', 'Booth 2', 2, 0, 90);
INSERT INTO TableMapItem (restaurant_id,map_name,table_name,x_location,y_location,rotation) VALUES (1, 'Map 1', 'Booth 3', 1, 5, 0);
INSERT INTO TableMapItem (restaurant_id,map_name,table_name,x_location,y_location,rotation) VALUES (1, 'Map 2', 'Booth 1', 0, 0, 90);
INSERT INTO TableMapItem (restaurant_id,map_name,table_name,x_location,y_location,rotation) VALUES (1, 'Map 2', 'Booth 2', 2, 0, 90);
INSERT INTO TableMapItem (restaurant_id,map_name,table_name,x_location,y_location,rotation) VALUES (1, 'Map 2', 'Booth 3', 1, 5, 0);
INSERT INTO TableMapItem (restaurant_id,map_name,table_name,x_location,y_location,rotation) VALUES (2, 'Map 1', 'Booth 1', 0, 0, 90);
INSERT INTO TableMapItem (restaurant_id,map_name,table_name,x_location,y_location,rotation) VALUES (2, 'Map 1', 'Booth 2', 2, 0, 90);
INSERT INTO TableMapItem (restaurant_id,map_name,table_name,x_location,y_location,rotation) VALUES (2, 'Map 1', 'Booth 3', 1, 5, 0);
INSERT INTO TableMapItem (restaurant_id,map_name,table_name,x_location,y_location,rotation) VALUES (2, 'Map 2', 'Booth 1', 0, 0, 90);
INSERT INTO TableMapItem (restaurant_id,map_name,table_name,x_location,y_location,rotation) VALUES (2, 'Map 2', 'Booth 2', 2, 0, 90);
INSERT INTO TableMapItem (restaurant_id,map_name,table_name,x_location,y_location,rotation) VALUES (2, 'Map 2', 'Booth 3', 1, 5, 0);
INSERT INTO TableMapItem (restaurant_id,map_name,table_name,x_location,y_location,rotation) VALUES (3, 'Map 1', 'Booth 1', 0, 0, 90);
INSERT INTO TableMapItem (restaurant_id,map_name,table_name,x_location,y_location,rotation) VALUES (3, 'Map 1', 'Booth 2', 2, 0, 90);
INSERT INTO TableMapItem (restaurant_id,map_name,table_name,x_location,y_location,rotation) VALUES (3, 'Map 1', 'Booth 3', 1, 5, 0);
INSERT INTO TableMapItem (restaurant_id,map_name,table_name,x_location,y_location,rotation) VALUES (3, 'Map 2', 'Booth 1', 0, 0, 90);
INSERT INTO TableMapItem (restaurant_id,map_name,table_name,x_location,y_location,rotation) VALUES (3, 'Map 2', 'Booth 2', 2, 0, 90);
INSERT INTO TableMapItem (restaurant_id,map_name,table_name,x_location,y_location,rotation) VALUES (3, 'Map 2', 'Booth 3', 1, 5, 0);
INSERT INTO TableMapItem (restaurant_id,map_name,table_name,x_location,y_location,rotation) VALUES (4, 'Map 1', 'Booth 1', 0, 0, 90);
INSERT INTO TableMapItem (restaurant_id,map_name,table_name,x_location,y_location,rotation) VALUES (4, 'Map 1', 'Booth 2', 2, 0, 90);
INSERT INTO TableMapItem (restaurant_id,map_name,table_name,x_location,y_location,rotation) VALUES (4, 'Map 1', 'Booth 3', 1, 5, 0);
INSERT INTO TableMapItem (restaurant_id,map_name,table_name,x_location,y_location,rotation) VALUES (4, 'Map 2', 'Booth 1', 0, 0, 90);
INSERT INTO TableMapItem (restaurant_id,map_name,table_name,x_location,y_location,rotation) VALUES (4, 'Map 2', 'Booth 2', 2, 0, 90);
INSERT INTO TableMapItem (restaurant_id,map_name,table_name,x_location,y_location,rotation) VALUES (4, 'Map 2', 'Booth 3', 1, 5, 0);
INSERT INTO TableMapItem (restaurant_id,map_name,table_name,x_location,y_location,rotation) VALUES (5, 'Map 1', 'Booth 1', 0, 0, 90);
INSERT INTO TableMapItem (restaurant_id,map_name,table_name,x_location,y_location,rotation) VALUES (5, 'Map 1', 'Booth 2', 2, 0, 90);
INSERT INTO TableMapItem (restaurant_id,map_name,table_name,x_location,y_location,rotation) VALUES (5, 'Map 1', 'Booth 3', 1, 5, 0);
INSERT INTO TableMapItem (restaurant_id,map_name,table_name,x_location,y_location,rotation) VALUES (5, 'Map 2', 'Booth 1', 0, 0, 90);
INSERT INTO TableMapItem (restaurant_id,map_name,table_name,x_location,y_location,rotation) VALUES (5, 'Map 2', 'Booth 2', 2, 0, 90);
INSERT INTO TableMapItem (restaurant_id,map_name,table_name,x_location,y_location,rotation) VALUES (5, 'Map 2', 'Booth 3', 1, 5, 0);
INSERT INTO TableMapItem (restaurant_id,map_name,table_name,x_location,y_location,rotation) VALUES (6, 'Map 1', 'Booth 1', 0, 0, 90);
INSERT INTO TableMapItem (restaurant_id,map_name,table_name,x_location,y_location,rotation) VALUES (6, 'Map 1', 'Booth 2', 2, 0, 90);
INSERT INTO TableMapItem (restaurant_id,map_name,table_name,x_location,y_location,rotation) VALUES (6, 'Map 1', 'Booth 3', 1, 5, 0);
INSERT INTO TableMapItem (restaurant_id,map_name,table_name,x_location,y_location,rotation) VALUES (6, 'Map 2', 'Booth 1', 0, 0, 90);
INSERT INTO TableMapItem (restaurant_id,map_name,table_name,x_location,y_location,rotation) VALUES (6, 'Map 2', 'Booth 2', 2, 0, 90);
INSERT INTO TableMapItem (restaurant_id,map_name,table_name,x_location,y_location,rotation) VALUES (6, 'Map 2', 'Booth 3', 1, 5, 0);
INSERT INTO TableMapItem (restaurant_id,map_name,table_name,x_location,y_location,rotation) VALUES (7, 'Map 1', 'Booth 1', 0, 0, 90);
INSERT INTO TableMapItem (restaurant_id,map_name,table_name,x_location,y_location,rotation) VALUES (7, 'Map 1', 'Booth 2', 2, 0, 90);
INSERT INTO TableMapItem (restaurant_id,map_name,table_name,x_location,y_location,rotation) VALUES (7, 'Map 1', 'Booth 3', 1, 5, 0);
INSERT INTO TableMapItem (restaurant_id,map_name,table_name,x_location,y_location,rotation) VALUES (7, 'Map 2', 'Booth 1', 0, 0, 90);
INSERT INTO TableMapItem (restaurant_id,map_name,table_name,x_location,y_location,rotation) VALUES (7, 'Map 2', 'Booth 2', 2, 0, 90);
INSERT INTO TableMapItem (restaurant_id,map_name,table_name,x_location,y_location,rotation) VALUES (7, 'Map 2', 'Booth 3', 1, 5, 0);
INSERT INTO TableMapItem (restaurant_id,map_name,table_name,x_location,y_location,rotation) VALUES (8, 'Map 1', 'Booth 1', 0, 0, 90);
INSERT INTO TableMapItem (restaurant_id,map_name,table_name,x_location,y_location,rotation) VALUES (8, 'Map 1', 'Booth 2', 2, 0, 90);
INSERT INTO TableMapItem (restaurant_id,map_name,table_name,x_location,y_location,rotation) VALUES (8, 'Map 1', 'Booth 3', 1, 5, 0);
INSERT INTO TableMapItem (restaurant_id,map_name,table_name,x_location,y_location,rotation) VALUES (8, 'Map 2', 'Booth 1', 0, 0, 90);
INSERT INTO TableMapItem (restaurant_id,map_name,table_name,x_location,y_location,rotation) VALUES (8, 'Map 2', 'Booth 2', 2, 0, 90);
INSERT INTO TableMapItem (restaurant_id,map_name,table_name,x_location,y_location,rotation) VALUES (8, 'Map 2', 'Booth 3', 1, 5, 0);
INSERT INTO TableMapItem (restaurant_id,map_name,table_name,x_location,y_location,rotation) VALUES (9, 'Map 1', 'Booth 1', 0, 0, 90);
INSERT INTO TableMapItem (restaurant_id,map_name,table_name,x_location,y_location,rotation) VALUES (9, 'Map 1', 'Booth 2', 2, 0, 90);
INSERT INTO TableMapItem (restaurant_id,map_name,table_name,x_location,y_location,rotation) VALUES (9, 'Map 1', 'Booth 3', 1, 5, 0);
INSERT INTO TableMapItem (restaurant_id,map_name,table_name,x_location,y_location,rotation) VALUES (9, 'Map 2', 'Booth 1', 0, 0, 90);
INSERT INTO TableMapItem (restaurant_id,map_name,table_name,x_location,y_location,rotation) VALUES (9, 'Map 2', 'Booth 2', 2, 0, 90);
INSERT INTO TableMapItem (restaurant_id,map_name,table_name,x_location,y_location,rotation) VALUES (9, 'Map 2', 'Booth 3', 1, 5, 0);
INSERT INTO TableMapItem (restaurant_id,map_name,table_name,x_location,y_location,rotation) VALUES (10, 'Map 1', 'Booth 1', 0, 0, 90);
INSERT INTO TableMapItem (restaurant_id,map_name,table_name,x_location,y_location,rotation) VALUES (10, 'Map 1', 'Booth 2', 2, 0, 90);
INSERT INTO TableMapItem (restaurant_id,map_name,table_name,x_location,y_location,rotation) VALUES (10, 'Map 1', 'Booth 3', 1, 5, 0);
INSERT INTO TableMapItem (restaurant_id,map_name,table_name,x_location,y_location,rotation) VALUES (10, 'Map 2', 'Booth 1', 0, 0, 90);
INSERT INTO TableMapItem (restaurant_id,map_name,table_name,x_location,y_location,rotation) VALUES (10, 'Map 2', 'Booth 2', 2, 0, 90);
INSERT INTO TableMapItem (restaurant_id,map_name,table_name,x_location,y_location,rotation) VALUES (10, 'Map 2', 'Booth 3', 1, 5, 0);

INSERT INTO Reservation (restaurant_id,table_name,reservation_date_time,customer_phone_number) VALUES (1, 'Booth 1', TO_DATE('1855/02/02', 'yyyy/mm/dd'), '+18148654700');
INSERT INTO Reservation (restaurant_id,table_name,reservation_date_time,customer_phone_number) VALUES (1, 'Booth 2', TO_DATE('1999/12/31', 'yyyy/mm/dd'), '+18148654700');
INSERT INTO Reservation (restaurant_id,table_name,reservation_date_time,customer_phone_number) VALUES (1, 'Booth 3', TO_DATE('1999/12/31', 'yyyy/mm/dd'), '+16100000001');
INSERT INTO Reservation (restaurant_id,table_name,reservation_date_time,customer_phone_number) VALUES (1, 'Booth 1', TO_DATE('2001/01/01', 'yyyy/mm/dd'), '+16100000001');
INSERT INTO Reservation (restaurant_id,table_name,reservation_date_time,customer_phone_number) VALUES (1, 'Booth 2', TO_DATE('2001/01/01', 'yyyy/mm/dd'), '+16100000002');
INSERT INTO Reservation (restaurant_id,table_name,reservation_date_time,customer_phone_number) VALUES (1, 'Booth 3', TO_DATE('2001/01/01', 'yyyy/mm/dd'), '+16100000003');
INSERT INTO Reservation (restaurant_id,table_name,reservation_date_time,customer_phone_number) VALUES (1, 'Booth 4', TO_DATE('2001/01/01', 'yyyy/mm/dd'), '+16100000004');
INSERT INTO Reservation (restaurant_id,table_name,reservation_date_time,customer_phone_number) VALUES (1, 'Booth 1', TO_DATE('2001/01/02', 'yyyy/mm/dd'), '+16100000001');
INSERT INTO Reservation (restaurant_id,table_name,reservation_date_time,customer_phone_number) VALUES (1, 'Booth 2', TO_DATE('2001/01/02', 'yyyy/mm/dd'), '+16100000002');
INSERT INTO Reservation (restaurant_id,table_name,reservation_date_time,customer_phone_number) VALUES (1, 'Booth 3', TO_DATE('2001/01/02', 'yyyy/mm/dd'), '+16100000003');
INSERT INTO Reservation (restaurant_id,table_name,reservation_date_time,customer_phone_number) VALUES (1, 'Booth 4', TO_DATE('2001/01/02', 'yyyy/mm/dd'), '+16100000004');
INSERT INTO Reservation (restaurant_id,table_name,reservation_date_time,customer_phone_number) VALUES (1, 'Booth 1', TO_DATE('2001/01/03', 'yyyy/mm/dd'), '+16100000001');
INSERT INTO Reservation (restaurant_id,table_name,reservation_date_time,customer_phone_number) VALUES (1, 'Booth 2', TO_DATE('2001/01/03', 'yyyy/mm/dd'), '+16100000002');
INSERT INTO Reservation (restaurant_id,table_name,reservation_date_time,customer_phone_number) VALUES (1, 'Booth 3', TO_DATE('2001/01/03', 'yyyy/mm/dd'), '+16100000003');
INSERT INTO Reservation (restaurant_id,table_name,reservation_date_time,customer_phone_number) VALUES (1, 'Booth 4', TO_DATE('2001/01/03', 'yyyy/mm/dd'), '+16100000004');
INSERT INTO Reservation (restaurant_id,table_name,reservation_date_time,customer_phone_number) VALUES (1, 'Booth 1', TO_DATE('2001/01/04', 'yyyy/mm/dd'), '+16100000001');
INSERT INTO Reservation (restaurant_id,table_name,reservation_date_time,customer_phone_number) VALUES (1, 'Booth 2', TO_DATE('2001/01/04', 'yyyy/mm/dd'), '+16100000002');
INSERT INTO Reservation (restaurant_id,table_name,reservation_date_time,customer_phone_number) VALUES (1, 'Booth 3', TO_DATE('2001/01/04', 'yyyy/mm/dd'), '+16100000003');
INSERT INTO Reservation (restaurant_id,table_name,reservation_date_time,customer_phone_number) VALUES (1, 'Booth 4', TO_DATE('2001/01/04', 'yyyy/mm/dd'), '+16100000004');
INSERT INTO Reservation (restaurant_id,table_name,reservation_date_time,customer_phone_number) VALUES (1, 'Booth 1', TO_DATE('2001/01/05', 'yyyy/mm/dd'), '+16100000001');
INSERT INTO Reservation (restaurant_id,table_name,reservation_date_time,customer_phone_number) VALUES (1, 'Booth 2', TO_DATE('2001/01/05', 'yyyy/mm/dd'), '+16100000002');
INSERT INTO Reservation (restaurant_id,table_name,reservation_date_time,customer_phone_number) VALUES (1, 'Booth 3', TO_DATE('2001/01/05', 'yyyy/mm/dd'), '+16100000003');
INSERT INTO Reservation (restaurant_id,table_name,reservation_date_time,customer_phone_number) VALUES (1, 'Booth 4', TO_DATE('2001/01/05', 'yyyy/mm/dd'), '+16100000004');
INSERT INTO Reservation (restaurant_id,table_name,reservation_date_time,customer_phone_number) VALUES (2, 'Booth 1', TO_DATE('2001/01/01', 'yyyy/mm/dd'), '+16100000001');
INSERT INTO Reservation (restaurant_id,table_name,reservation_date_time,customer_phone_number) VALUES (2, 'Booth 2', TO_DATE('2001/01/01', 'yyyy/mm/dd'), '+16100000002');
INSERT INTO Reservation (restaurant_id,table_name,reservation_date_time,customer_phone_number) VALUES (2, 'Booth 3', TO_DATE('2001/01/01', 'yyyy/mm/dd'), '+16100000003');
INSERT INTO Reservation (restaurant_id,table_name,reservation_date_time,customer_phone_number) VALUES (2, 'Booth 4', TO_DATE('2001/01/01', 'yyyy/mm/dd'), '+16100000004');
INSERT INTO Reservation (restaurant_id,table_name,reservation_date_time,customer_phone_number) VALUES (2, 'Booth 1', TO_DATE('2001/01/02', 'yyyy/mm/dd'), '+16100000001');
INSERT INTO Reservation (restaurant_id,table_name,reservation_date_time,customer_phone_number) VALUES (2, 'Booth 2', TO_DATE('2001/01/02', 'yyyy/mm/dd'), '+16100000002');
INSERT INTO Reservation (restaurant_id,table_name,reservation_date_time,customer_phone_number) VALUES (2, 'Booth 3', TO_DATE('2001/01/02', 'yyyy/mm/dd'), '+16100000003');
INSERT INTO Reservation (restaurant_id,table_name,reservation_date_time,customer_phone_number) VALUES (2, 'Booth 4', TO_DATE('2001/01/02', 'yyyy/mm/dd'), '+16100000004');
INSERT INTO Reservation (restaurant_id,table_name,reservation_date_time,customer_phone_number) VALUES (2, 'Booth 1', TO_DATE('2001/01/03', 'yyyy/mm/dd'), '+16100000001');
INSERT INTO Reservation (restaurant_id,table_name,reservation_date_time,customer_phone_number) VALUES (2, 'Booth 2', TO_DATE('2001/01/03', 'yyyy/mm/dd'), '+16100000002');
INSERT INTO Reservation (restaurant_id,table_name,reservation_date_time,customer_phone_number) VALUES (2, 'Booth 3', TO_DATE('2001/01/03', 'yyyy/mm/dd'), '+16100000003');
INSERT INTO Reservation (restaurant_id,table_name,reservation_date_time,customer_phone_number) VALUES (2, 'Booth 4', TO_DATE('2001/01/03', 'yyyy/mm/dd'), '+16100000004');
INSERT INTO Reservation (restaurant_id,table_name,reservation_date_time,customer_phone_number) VALUES (2, 'Booth 1', TO_DATE('2001/01/04', 'yyyy/mm/dd'), '+16100000001');
INSERT INTO Reservation (restaurant_id,table_name,reservation_date_time,customer_phone_number) VALUES (2, 'Booth 2', TO_DATE('2001/01/04', 'yyyy/mm/dd'), '+16100000002');
INSERT INTO Reservation (restaurant_id,table_name,reservation_date_time,customer_phone_number) VALUES (2, 'Booth 3', TO_DATE('2001/01/04', 'yyyy/mm/dd'), '+16100000003');
INSERT INTO Reservation (restaurant_id,table_name,reservation_date_time,customer_phone_number) VALUES (2, 'Booth 4', TO_DATE('2001/01/04', 'yyyy/mm/dd'), '+16100000004');
INSERT INTO Reservation (restaurant_id,table_name,reservation_date_time,customer_phone_number) VALUES (2, 'Booth 1', TO_DATE('2001/01/05', 'yyyy/mm/dd'), '+16100000001');
INSERT INTO Reservation (restaurant_id,table_name,reservation_date_time,customer_phone_number) VALUES (2, 'Booth 2', TO_DATE('2001/01/05', 'yyyy/mm/dd'), '+16100000002');
INSERT INTO Reservation (restaurant_id,table_name,reservation_date_time,customer_phone_number) VALUES (2, 'Booth 3', TO_DATE('2001/01/05', 'yyyy/mm/dd'), '+16100000003');
INSERT INTO Reservation (restaurant_id,table_name,reservation_date_time,customer_phone_number) VALUES (2, 'Booth 4', TO_DATE('2001/01/05', 'yyyy/mm/dd'), '+16100000004');
INSERT INTO Reservation (restaurant_id,table_name,reservation_date_time,customer_phone_number) VALUES (3, 'Booth 1', TO_DATE('2001/01/01', 'yyyy/mm/dd'), '+16100000001');
INSERT INTO Reservation (restaurant_id,table_name,reservation_date_time,customer_phone_number) VALUES (3, 'Booth 2', TO_DATE('2001/01/01', 'yyyy/mm/dd'), '+16100000002');
INSERT INTO Reservation (restaurant_id,table_name,reservation_date_time,customer_phone_number) VALUES (3, 'Booth 3', TO_DATE('2001/01/01', 'yyyy/mm/dd'), '+16100000003');
INSERT INTO Reservation (restaurant_id,table_name,reservation_date_time,customer_phone_number) VALUES (3, 'Booth 4', TO_DATE('2001/01/01', 'yyyy/mm/dd'), '+16100000004');
INSERT INTO Reservation (restaurant_id,table_name,reservation_date_time,customer_phone_number) VALUES (3, 'Booth 1', TO_DATE('2001/01/02', 'yyyy/mm/dd'), '+16100000001');
INSERT INTO Reservation (restaurant_id,table_name,reservation_date_time,customer_phone_number) VALUES (3, 'Booth 2', TO_DATE('2001/01/02', 'yyyy/mm/dd'), '+16100000002');
INSERT INTO Reservation (restaurant_id,table_name,reservation_date_time,customer_phone_number) VALUES (3, 'Booth 3', TO_DATE('2001/01/02', 'yyyy/mm/dd'), '+16100000003');
INSERT INTO Reservation (restaurant_id,table_name,reservation_date_time,customer_phone_number) VALUES (3, 'Booth 4', TO_DATE('2001/01/02', 'yyyy/mm/dd'), '+16100000004');
INSERT INTO Reservation (restaurant_id,table_name,reservation_date_time,customer_phone_number) VALUES (3, 'Booth 1', TO_DATE('2001/01/03', 'yyyy/mm/dd'), '+16100000001');
INSERT INTO Reservation (restaurant_id,table_name,reservation_date_time,customer_phone_number) VALUES (3, 'Booth 2', TO_DATE('2001/01/03', 'yyyy/mm/dd'), '+16100000002');
INSERT INTO Reservation (restaurant_id,table_name,reservation_date_time,customer_phone_number) VALUES (3, 'Booth 3', TO_DATE('2001/01/03', 'yyyy/mm/dd'), '+16100000003');
INSERT INTO Reservation (restaurant_id,table_name,reservation_date_time,customer_phone_number) VALUES (3, 'Booth 4', TO_DATE('2001/01/03', 'yyyy/mm/dd'), '+16100000004');
INSERT INTO Reservation (restaurant_id,table_name,reservation_date_time,customer_phone_number) VALUES (3, 'Booth 1', TO_DATE('2001/01/04', 'yyyy/mm/dd'), '+16100000001');
INSERT INTO Reservation (restaurant_id,table_name,reservation_date_time,customer_phone_number) VALUES (3, 'Booth 2', TO_DATE('2001/01/04', 'yyyy/mm/dd'), '+16100000002');
INSERT INTO Reservation (restaurant_id,table_name,reservation_date_time,customer_phone_number) VALUES (3, 'Booth 3', TO_DATE('2001/01/04', 'yyyy/mm/dd'), '+16100000003');
INSERT INTO Reservation (restaurant_id,table_name,reservation_date_time,customer_phone_number) VALUES (3, 'Booth 4', TO_DATE('2001/01/04', 'yyyy/mm/dd'), '+16100000004');
INSERT INTO Reservation (restaurant_id,table_name,reservation_date_time,customer_phone_number) VALUES (3, 'Booth 1', TO_DATE('2001/01/05', 'yyyy/mm/dd'), '+16100000001');
INSERT INTO Reservation (restaurant_id,table_name,reservation_date_time,customer_phone_number) VALUES (3, 'Booth 2', TO_DATE('2001/01/05', 'yyyy/mm/dd'), '+16100000002');
INSERT INTO Reservation (restaurant_id,table_name,reservation_date_time,customer_phone_number) VALUES (3, 'Booth 3', TO_DATE('2001/01/05', 'yyyy/mm/dd'), '+16100000003');
INSERT INTO Reservation (restaurant_id,table_name,reservation_date_time,customer_phone_number) VALUES (3, 'Booth 4', TO_DATE('2001/01/05', 'yyyy/mm/dd'), '+16100000004');
INSERT INTO Reservation (restaurant_id,table_name,reservation_date_time,customer_phone_number) VALUES (4, 'Booth 1', TO_DATE('2001/01/01', 'yyyy/mm/dd'), '+16100000001');
INSERT INTO Reservation (restaurant_id,table_name,reservation_date_time,customer_phone_number) VALUES (4, 'Booth 2', TO_DATE('2001/01/01', 'yyyy/mm/dd'), '+16100000002');
INSERT INTO Reservation (restaurant_id,table_name,reservation_date_time,customer_phone_number) VALUES (4, 'Booth 3', TO_DATE('2001/01/01', 'yyyy/mm/dd'), '+16100000003');
INSERT INTO Reservation (restaurant_id,table_name,reservation_date_time,customer_phone_number) VALUES (4, 'Booth 4', TO_DATE('2001/01/01', 'yyyy/mm/dd'), '+16100000004');
INSERT INTO Reservation (restaurant_id,table_name,reservation_date_time,customer_phone_number) VALUES (4, 'Booth 1', TO_DATE('2001/01/02', 'yyyy/mm/dd'), '+16100000001');
INSERT INTO Reservation (restaurant_id,table_name,reservation_date_time,customer_phone_number) VALUES (4, 'Booth 2', TO_DATE('2001/01/02', 'yyyy/mm/dd'), '+16100000002');
INSERT INTO Reservation (restaurant_id,table_name,reservation_date_time,customer_phone_number) VALUES (4, 'Booth 3', TO_DATE('2001/01/02', 'yyyy/mm/dd'), '+16100000003');
INSERT INTO Reservation (restaurant_id,table_name,reservation_date_time,customer_phone_number) VALUES (4, 'Booth 4', TO_DATE('2001/01/02', 'yyyy/mm/dd'), '+16100000004');
INSERT INTO Reservation (restaurant_id,table_name,reservation_date_time,customer_phone_number) VALUES (4, 'Booth 1', TO_DATE('2001/01/03', 'yyyy/mm/dd'), '+16100000001');
INSERT INTO Reservation (restaurant_id,table_name,reservation_date_time,customer_phone_number) VALUES (4, 'Booth 2', TO_DATE('2001/01/03', 'yyyy/mm/dd'), '+16100000002');
INSERT INTO Reservation (restaurant_id,table_name,reservation_date_time,customer_phone_number) VALUES (4, 'Booth 3', TO_DATE('2001/01/03', 'yyyy/mm/dd'), '+16100000003');
INSERT INTO Reservation (restaurant_id,table_name,reservation_date_time,customer_phone_number) VALUES (4, 'Booth 4', TO_DATE('2001/01/03', 'yyyy/mm/dd'), '+16100000004');
INSERT INTO Reservation (restaurant_id,table_name,reservation_date_time,customer_phone_number) VALUES (4, 'Booth 1', TO_DATE('2001/01/04', 'yyyy/mm/dd'), '+16100000001');
INSERT INTO Reservation (restaurant_id,table_name,reservation_date_time,customer_phone_number) VALUES (4, 'Booth 2', TO_DATE('2001/01/04', 'yyyy/mm/dd'), '+16100000002');
INSERT INTO Reservation (restaurant_id,table_name,reservation_date_time,customer_phone_number) VALUES (4, 'Booth 3', TO_DATE('2001/01/04', 'yyyy/mm/dd'), '+16100000003');
INSERT INTO Reservation (restaurant_id,table_name,reservation_date_time,customer_phone_number) VALUES (4, 'Booth 4', TO_DATE('2001/01/04', 'yyyy/mm/dd'), '+16100000004');
INSERT INTO Reservation (restaurant_id,table_name,reservation_date_time,customer_phone_number) VALUES (4, 'Booth 1', TO_DATE('2001/01/05', 'yyyy/mm/dd'), '+16100000001');
INSERT INTO Reservation (restaurant_id,table_name,reservation_date_time,customer_phone_number) VALUES (4, 'Booth 2', TO_DATE('2001/01/05', 'yyyy/mm/dd'), '+16100000002');
INSERT INTO Reservation (restaurant_id,table_name,reservation_date_time,customer_phone_number) VALUES (4, 'Booth 3', TO_DATE('2001/01/05', 'yyyy/mm/dd'), '+16100000003');
INSERT INTO Reservation (restaurant_id,table_name,reservation_date_time,customer_phone_number) VALUES (4, 'Booth 4', TO_DATE('2001/01/05', 'yyyy/mm/dd'), '+16100000004');
INSERT INTO Reservation (restaurant_id,table_name,reservation_date_time,customer_phone_number) VALUES (5, 'Booth 1', TO_DATE('2001/01/01', 'yyyy/mm/dd'), '+16100000001');
INSERT INTO Reservation (restaurant_id,table_name,reservation_date_time,customer_phone_number) VALUES (5, 'Booth 2', TO_DATE('2001/01/01', 'yyyy/mm/dd'), '+16100000002');
INSERT INTO Reservation (restaurant_id,table_name,reservation_date_time,customer_phone_number) VALUES (5, 'Booth 3', TO_DATE('2001/01/01', 'yyyy/mm/dd'), '+16100000003');
INSERT INTO Reservation (restaurant_id,table_name,reservation_date_time,customer_phone_number) VALUES (5, 'Booth 4', TO_DATE('2001/01/01', 'yyyy/mm/dd'), '+16100000004');
INSERT INTO Reservation (restaurant_id,table_name,reservation_date_time,customer_phone_number) VALUES (5, 'Booth 1', TO_DATE('2001/01/02', 'yyyy/mm/dd'), '+16100000001');
INSERT INTO Reservation (restaurant_id,table_name,reservation_date_time,customer_phone_number) VALUES (5, 'Booth 2', TO_DATE('2001/01/02', 'yyyy/mm/dd'), '+16100000002');
INSERT INTO Reservation (restaurant_id,table_name,reservation_date_time,customer_phone_number) VALUES (5, 'Booth 3', TO_DATE('2001/01/02', 'yyyy/mm/dd'), '+16100000003');
INSERT INTO Reservation (restaurant_id,table_name,reservation_date_time,customer_phone_number) VALUES (5, 'Booth 4', TO_DATE('2001/01/02', 'yyyy/mm/dd'), '+16100000004');
INSERT INTO Reservation (restaurant_id,table_name,reservation_date_time,customer_phone_number) VALUES (5, 'Booth 1', TO_DATE('2001/01/03', 'yyyy/mm/dd'), '+16100000001');
INSERT INTO Reservation (restaurant_id,table_name,reservation_date_time,customer_phone_number) VALUES (5, 'Booth 2', TO_DATE('2001/01/03', 'yyyy/mm/dd'), '+16100000002');
INSERT INTO Reservation (restaurant_id,table_name,reservation_date_time,customer_phone_number) VALUES (5, 'Booth 3', TO_DATE('2001/01/03', 'yyyy/mm/dd'), '+16100000003');
INSERT INTO Reservation (restaurant_id,table_name,reservation_date_time,customer_phone_number) VALUES (5, 'Booth 4', TO_DATE('2001/01/03', 'yyyy/mm/dd'), '+16100000004');
INSERT INTO Reservation (restaurant_id,table_name,reservation_date_time,customer_phone_number) VALUES (5, 'Booth 1', TO_DATE('2001/01/04', 'yyyy/mm/dd'), '+16100000001');
INSERT INTO Reservation (restaurant_id,table_name,reservation_date_time,customer_phone_number) VALUES (5, 'Booth 2', TO_DATE('2001/01/04', 'yyyy/mm/dd'), '+16100000002');
INSERT INTO Reservation (restaurant_id,table_name,reservation_date_time,customer_phone_number) VALUES (5, 'Booth 3', TO_DATE('2001/01/04', 'yyyy/mm/dd'), '+16100000003');
INSERT INTO Reservation (restaurant_id,table_name,reservation_date_time,customer_phone_number) VALUES (5, 'Booth 4', TO_DATE('2001/01/04', 'yyyy/mm/dd'), '+16100000004');
INSERT INTO Reservation (restaurant_id,table_name,reservation_date_time,customer_phone_number) VALUES (5, 'Booth 1', TO_DATE('2001/01/05', 'yyyy/mm/dd'), '+16100000001');
INSERT INTO Reservation (restaurant_id,table_name,reservation_date_time,customer_phone_number) VALUES (5, 'Booth 2', TO_DATE('2001/01/05', 'yyyy/mm/dd'), '+16100000002');

INSERT INTO RestaurantOrder (id,restaurant_id,server_id,table_name) VALUES (1, 1, 1, NULL);
INSERT INTO RestaurantOrder (id,restaurant_id,server_id,table_name) VALUES (2, 1, 1, NULL);
INSERT INTO RestaurantOrder (id,restaurant_id,server_id,table_name) VALUES (3, 1, 2, 'Booth 1');
INSERT INTO RestaurantOrder (id,restaurant_id,server_id,table_name) VALUES (4, 1, 2, 'Booth 2');
INSERT INTO RestaurantOrder (id,restaurant_id,server_id,table_name) VALUES (5, 2, 3, NULL);
INSERT INTO RestaurantOrder (id,restaurant_id,server_id,table_name) VALUES (6, 2, 1, NULL);
INSERT INTO RestaurantOrder (id,restaurant_id,server_id,table_name) VALUES (7, 2, 4, 'Booth 1');
INSERT INTO RestaurantOrder (id,restaurant_id,server_id,table_name) VALUES (8, 2, 4, 'Booth 2');
INSERT INTO RestaurantOrder (id,restaurant_id,server_id,table_name) VALUES (9, 3, 5, NULL);
INSERT INTO RestaurantOrder (id,restaurant_id,server_id,table_name) VALUES (10, 3, 5, NULL);
INSERT INTO RestaurantOrder (id,restaurant_id,server_id,table_name) VALUES (11, 3, 6, 'Booth 1');
INSERT INTO RestaurantOrder (id,restaurant_id,server_id,table_name) VALUES (12, 3, 6, 'Booth 2');
INSERT INTO RestaurantOrder (id,restaurant_id,server_id,table_name) VALUES (13, 4, 7, NULL);
INSERT INTO RestaurantOrder (id,restaurant_id,server_id,table_name) VALUES (14, 4, 7, NULL);
INSERT INTO RestaurantOrder (id,restaurant_id,server_id,table_name) VALUES (15, 4, 8, 'Booth 1');
INSERT INTO RestaurantOrder (id,restaurant_id,server_id,table_name) VALUES (16, 4, 8, 'Booth 2');
INSERT INTO RestaurantOrder (id,restaurant_id,server_id,table_name) VALUES (17, 5, 9, NULL);
INSERT INTO RestaurantOrder (id,restaurant_id,server_id,table_name) VALUES (18, 5, 9, NULL);
INSERT INTO RestaurantOrder (id,restaurant_id,server_id,table_name) VALUES (19, 5, 10, 'Booth 1');
INSERT INTO RestaurantOrder (id,restaurant_id,server_id,table_name) VALUES (20, 5, 10, 'Booth 2');
INSERT INTO RestaurantOrder (id,restaurant_id,server_id,table_name) VALUES (21, 6, 11, NULL);
INSERT INTO RestaurantOrder (id,restaurant_id,server_id,table_name) VALUES (22, 6, 11, NULL);
INSERT INTO RestaurantOrder (id,restaurant_id,server_id,table_name) VALUES (23, 6, 12, 'Booth 1');
INSERT INTO RestaurantOrder (id,restaurant_id,server_id,table_name) VALUES (24, 6, 12, 'Booth 2');
INSERT INTO RestaurantOrder (id,restaurant_id,server_id,table_name) VALUES (25, 7, 13, NULL);
INSERT INTO RestaurantOrder (id,restaurant_id,server_id,table_name) VALUES (26, 7, 13, NULL);
INSERT INTO RestaurantOrder (id,restaurant_id,server_id,table_name) VALUES (27, 7, 14, 'Booth 1');
INSERT INTO RestaurantOrder (id,restaurant_id,server_id,table_name) VALUES (28, 7, 14, 'Booth 2');
INSERT INTO RestaurantOrder (id,restaurant_id,server_id,table_name) VALUES (29, 8, 15, NULL);
INSERT INTO RestaurantOrder (id,restaurant_id,server_id,table_name) VALUES (30, 8, 15, NULL);
INSERT INTO RestaurantOrder (id,restaurant_id,server_id,table_name) VALUES (31, 8, 16, 'Booth 1');
INSERT INTO RestaurantOrder (id,restaurant_id,server_id,table_name) VALUES (32, 8, 16, 'Booth 2');
INSERT INTO RestaurantOrder (id,restaurant_id,server_id,table_name) VALUES (33, 9, 17, NULL);
INSERT INTO RestaurantOrder (id,restaurant_id,server_id,table_name) VALUES (34, 9, 17, NULL);
INSERT INTO RestaurantOrder (id,restaurant_id,server_id,table_name) VALUES (35, 9, 18, 'Booth 1');
INSERT INTO RestaurantOrder (id,restaurant_id,server_id,table_name) VALUES (36, 9, 18, 'Booth 2');
INSERT INTO RestaurantOrder (id,restaurant_id,server_id,table_name) VALUES (37, 10, 19, NULL);
INSERT INTO RestaurantOrder (id,restaurant_id,server_id,table_name) VALUES (38, 10, 19, NULL);
INSERT INTO RestaurantOrder (id,restaurant_id,server_id,table_name) VALUES (39, 10, 20, 'Booth 1');
INSERT INTO RestaurantOrder (id,restaurant_id,server_id,table_name) VALUES (40, 10, 20, 'Booth 2');

INSERT INTO OrderItem (id,order_id,menu_item_id,customer_id,quantity,notes,status) VALUES (1, 1, 1, NULL, 2, 'add cheese', 'placed');
INSERT INTO OrderItem (id,order_id,menu_item_id,customer_id,quantity,notes,status) VALUES (2, 1, 2, 'ID0000001', 1, '', 'placed');
INSERT INTO OrderItem (id,order_id,menu_item_id,customer_id,quantity,notes,status) VALUES (3, 2, 1, NULL, 2, 'add cheese', 'served');
INSERT INTO OrderItem (id,order_id,menu_item_id,customer_id,quantity,notes,status) VALUES (4, 2, 2, 'ID0000002', 1, '', 'served');
INSERT INTO OrderItem (id,order_id,menu_item_id,customer_id,quantity,notes,status) VALUES (5, 3, 1, NULL, 2, 'add cheese', 'placed');
INSERT INTO OrderItem (id,order_id,menu_item_id,customer_id,quantity,notes,status) VALUES (6, 3, 2, 'ID0000003', 1, '', 'placed');
INSERT INTO OrderItem (id,order_id,menu_item_id,customer_id,quantity,notes,status) VALUES (7, 4, 1, NULL, 2, 'add cheese', 'served');
INSERT INTO OrderItem (id,order_id,menu_item_id,customer_id,quantity,notes,status) VALUES (8, 4, 2, 'ID0000004', 1, '', 'served');
INSERT INTO OrderItem (id,order_id,menu_item_id,customer_id,quantity,notes,status) VALUES (9, 5, 1, NULL, 2, 'add cheese', 'placed');
INSERT INTO OrderItem (id,order_id,menu_item_id,customer_id,quantity,notes,status) VALUES (10, 5, 2, 'ID0000005', 1, '', 'placed');
INSERT INTO OrderItem (id,order_id,menu_item_id,customer_id,quantity,notes,status) VALUES (11, 6, 1, NULL, 2, 'add cheese', 'served');
INSERT INTO OrderItem (id,order_id,menu_item_id,customer_id,quantity,notes,status) VALUES (12, 6, 2, 'ID0000006', 1, '', 'served');
INSERT INTO OrderItem (id,order_id,menu_item_id,customer_id,quantity,notes,status) VALUES (13, 7, 1, NULL, 2, 'add cheese', 'placed');
INSERT INTO OrderItem (id,order_id,menu_item_id,customer_id,quantity,notes,status) VALUES (14, 7, 2, 'ID0000007', 1, '', 'placed');
INSERT INTO OrderItem (id,order_id,menu_item_id,customer_id,quantity,notes,status) VALUES (15, 8, 1, NULL, 2, 'add cheese', 'served');
INSERT INTO OrderItem (id,order_id,menu_item_id,customer_id,quantity,notes,status) VALUES (16, 8, 2, 'ID0000008', 1, '', 'served');
INSERT INTO OrderItem (id,order_id,menu_item_id,customer_id,quantity,notes,status) VALUES (17, 9, 1, NULL, 2, 'add cheese', 'placed');
INSERT INTO OrderItem (id,order_id,menu_item_id,customer_id,quantity,notes,status) VALUES (18, 9, 2, 'ID0000009', 1, '', 'placed');
INSERT INTO OrderItem (id,order_id,menu_item_id,customer_id,quantity,notes,status) VALUES (19, 10, 1, NULL, 2, 'add cheese', 'served');
INSERT INTO OrderItem (id,order_id,menu_item_id,customer_id,quantity,notes,status) VALUES (20, 10, 2, 'ID0000009', 1, '', 'served');

INSERT INTO Transaction (id,order_id,amount,transaction_type,status) VALUES (1, 1, 30000, 'credit', 'pre-approved');
INSERT INTO Transaction (id,order_id,amount,transaction_type,status) VALUES (2, 2, 3800, 'credit', 'paid');
INSERT INTO Transaction (id,order_id,amount,transaction_type,status) VALUES (3, 3, 3800, 'gift_card', 'unpaid');
INSERT INTO Transaction (id,order_id,amount,transaction_type,status) VALUES (4, 4, 2000, 'gift_card', 'paid');
INSERT INTO Transaction (id,order_id,amount,transaction_type,status) VALUES (5, 4, 1800, 'cash', 'paid');
INSERT INTO Transaction (id,order_id,amount,transaction_type,status) VALUES (6, 5, 30000, 'credit', 'pre-approved');
INSERT INTO Transaction (id,order_id,amount,transaction_type,status) VALUES (7, 6, 3800, 'credit', 'paid');
INSERT INTO Transaction (id,order_id,amount,transaction_type,status) VALUES (8, 7, 3800, 'gift_card', 'unpaid');
INSERT INTO Transaction (id,order_id,amount,transaction_type,status) VALUES (9, 8, 2000, 'gift_card', 'paid');
INSERT INTO Transaction (id,order_id,amount,transaction_type,status) VALUES (10, 8, 1800, 'cash', 'paid');
INSERT INTO Transaction (id,order_id,amount,transaction_type,status) VALUES (11, 9, 30000, 'credit', 'pre-approved');
INSERT INTO Transaction (id,order_id,amount,transaction_type,status) VALUES (12, 10, 30000, 'credit', 'pre-approved');
INSERT INTO Transaction (id,order_id,amount,transaction_type,status) VALUES (13, 11, 3800, 'gift_card', 'unpaid');
INSERT INTO Transaction (id,order_id,amount,transaction_type,status) VALUES (14, 12, 2000, 'gift_card', 'paid');
INSERT INTO Transaction (id,order_id,amount,transaction_type,status) VALUES (15, 12, 1800, 'cash', 'paid');
INSERT INTO Transaction (id,order_id,amount,transaction_type,status) VALUES (16, 13, 30000, 'credit', 'pre-approved');
INSERT INTO Transaction (id,order_id,amount,transaction_type,status) VALUES (17, 14, 30000, 'credit', 'pre-approved');
INSERT INTO Transaction (id,order_id,amount,transaction_type,status) VALUES (18, 15, 3800, 'gift_card', 'unpaid');
INSERT INTO Transaction (id,order_id,amount,transaction_type,status) VALUES (19, 16, 2000, 'gift_card', 'paid');
INSERT INTO Transaction (id,order_id,amount,transaction_type,status) VALUES (20, 16, 1800, 'cash', 'paid');
INSERT INTO Transaction (id,order_id,amount,transaction_type,status) VALUES (21, 17, 30000, 'credit', 'pre-approved');
INSERT INTO Transaction (id,order_id,amount,transaction_type,status) VALUES (22, 18, 30000, 'credit', 'pre-approved');
INSERT INTO Transaction (id,order_id,amount,transaction_type,status) VALUES (23, 19, 3800, 'gift_card', 'unpaid');
INSERT INTO Transaction (id,order_id,amount,transaction_type,status) VALUES (24, 20, 2000, 'gift_card', 'paid');
INSERT INTO Transaction (id,order_id,amount,transaction_type,status) VALUES (25, 20, 1800, 'cash', 'paid');

INSERT INTO GiftCardTransaction (id,gift_card_number,expiration_month,expiration_year) VALUES (3, 400012345678910, 1, 2000);
INSERT INTO GiftCardTransaction (id,gift_card_number,expiration_month,expiration_year) VALUES (4, 400012345678910, 2, 2001);
INSERT INTO GiftCardTransaction (id,gift_card_number,expiration_month,expiration_year) VALUES (8, 400012345678910, 3, 2002);
INSERT INTO GiftCardTransaction (id,gift_card_number,expiration_month,expiration_year) VALUES (9, 400012345678910, 4, 2003);
INSERT INTO GiftCardTransaction (id,gift_card_number,expiration_month,expiration_year) VALUES (13, 400012345678910, 5, 2004);
INSERT INTO GiftCardTransaction (id,gift_card_number,expiration_month,expiration_year) VALUES (14, 400012345678910, 6, 2005);
INSERT INTO GiftCardTransaction (id,gift_card_number,expiration_month,expiration_year) VALUES (18, 400012345678910, 7, 2006);
INSERT INTO GiftCardTransaction (id,gift_card_number,expiration_month,expiration_year) VALUES (19, 400012345678910, 8, 2007);
INSERT INTO GiftCardTransaction (id,gift_card_number,expiration_month,expiration_year) VALUES (23, 400012345678910, 9, 2008);
INSERT INTO GiftCardTransaction (id,gift_card_number,expiration_month,expiration_year) VALUES (24, 400012345678910, 10, 2009);

INSERT INTO CreditCardTransaction (id,credit_card_number,name_on_card,expiration_month,expiration_year,cvv,gratuity_amount) VALUES (1, 1234567890120001, 'Adey', 1, 2000, 100, 0);
INSERT INTO CreditCardTransaction (id,credit_card_number,name_on_card,expiration_month,expiration_year,cvv,gratuity_amount) VALUES (2, 1234567890120002, 'Adi', 2, 2001, 101, 1000);
INSERT INTO CreditCardTransaction (id,credit_card_number,name_on_card,expiration_month,expiration_year,cvv,gratuity_amount) VALUES (6, 1234567890120006, 'Adiana', 3, 2002, 102, 0);
INSERT INTO CreditCardTransaction (id,credit_card_number,name_on_card,expiration_month,expiration_year,cvv,gratuity_amount) VALUES (7, 1234567890120007, 'Aaren', 4, 2003, 103, 500);
INSERT INTO CreditCardTransaction (id,credit_card_number,name_on_card,expiration_month,expiration_year,cvv,gratuity_amount) VALUES (11, 1234567890120011, 'Aarika', 5, 2004, 104, 0);
INSERT INTO CreditCardTransaction (id,credit_card_number,name_on_card,expiration_month,expiration_year,cvv,gratuity_amount) VALUES (12, 1234567890120012, 'Abagael', 6, 2005, 105, 0);
INSERT INTO CreditCardTransaction (id,credit_card_number,name_on_card,expiration_month,expiration_year,cvv,gratuity_amount) VALUES (16, 1234567890120016, 'Abagail', 7, 2006, 106, 0);
INSERT INTO CreditCardTransaction (id,credit_card_number,name_on_card,expiration_month,expiration_year,cvv,gratuity_amount) VALUES (17, 1234567890120017, 'Abbe', 8, 2007, 107, 0);
INSERT INTO CreditCardTransaction (id,credit_card_number,name_on_card,expiration_month,expiration_year,cvv,gratuity_amount) VALUES (21, 1234567890120021, 'Abbey', 9, 2008, 108, 0);
INSERT INTO CreditCardTransaction (id,credit_card_number,name_on_card,expiration_month,expiration_year,cvv,gratuity_amount) VALUES (22, 1234567890120022, 'Abbi', 10, 2009, 109, 0);
